Time (ns),CHL1262-O1...ASN53-O,CHL1262-O1...GLN95-OE1,CHL1262-O1...SER55-OG,SER55-OG...CHL1262-O1
2.205,0,0,0,1
2.305,0,0,0,0
2.405,0,0,0,1
2.505,0,0,0,1
2.605,0,0,0,1
2.705,0,0,0,1
2.805,0,0,0,1
2.905,0,0,0,1
3.005,1,0,0,1
3.105,0,0,0,1
3.205,1,0,0,1
3.305,1,0,0,1
3.405,0,0,0,1
3.505,1,0,0,0
3.605,0,0,0,0
3.705,0,0,0,0
3.805,0,0,0,1
3.905,1,0,0,1
4.005,0,0,0,1
4.105,1,0,0,1
4.205,1,0,0,1
4.305,0,0,0,1
4.405,0,0,0,1
4.505,1,0,0,0
4.605,1,0,0,0
4.705,0,0,0,1
4.805,1,0,0,1
4.905,1,0,0,1
5.005,1,0,0,1
5.105,1,0,0,0
5.205,1,0,0,1
5.305,0,0,0,1
5.405,1,0,0,1
5.505,1,0,0,0
5.605,0,0,0,1
5.705,0,0,0,1
5.805,1,0,0,1
5.905,1,0,0,1
6.005,0,0,0,1
6.105,1,0,0,1
6.205,1,0,0,1
6.305,1,0,0,1
6.405,0,0,0,0
6.505,0,0,0,1
6.605,1,0,0,0
6.705,1,0,0,1
6.805,0,0,0,0
6.905,1,0,0,1
7.005,1,0,0,1
7.105,1,0,0,0
7.205,0,0,0,1
7.305,0,0,0,1
7.405,1,0,0,1
7.505,0,0,0,1
7.605,1,0,0,1
7.705,1,0,0,1
7.805,1,0,0,0
7.905,0,0,0,1
8.005,1,0,0,1
8.105,1,0,0,0
8.205,0,0,0,1
8.305,1,0,0,1
8.405,1,0,0,1
8.505,1,0,0,1
8.605,1,0,0,0
8.705,1,0,0,1
8.805,0,0,0,0
8.905,0,0,0,1
9.005,1,0,0,1
9.105,1,0,0,0
9.205,0,0,0,1
9.305,1,0,0,1
9.405,0,0,0,1
9.505,1,0,0,0
9.605,1,0,0,0
9.705,0,0,0,0
9.805,1,0,0,1
9.905,1,0,0,1
10.005,1,0,0,1
10.105,1,0,0,1
10.205,0,0,0,1
10.305,1,0,0,1
10.405,0,0,0,1
10.505,1,0,0,1
10.605,1,0,0,1
10.705,1,0,0,1
10.805,0,0,0,1
10.905,1,0,0,1
11.005,1,0,0,1
11.105,1,0,0,1
11.205,1,0,0,1
11.305,1,0,0,1
11.405,1,0,0,1
11.505,1,0,0,1
11.605,0,0,0,1
11.705,1,0,0,1
11.805,0,0,0,1
11.905,0,0,0,1
12.005,0,0,0,1
12.105,1,0,0,1
12.205,1,0,0,1
12.305,1,0,0,1
12.405,1,0,0,1
12.505,0,0,0,1
12.605,0,0,0,1
12.705,0,0,0,0
12.805,1,0,0,1
12.905,1,0,0,1
13.005,1,0,0,1
13.105,1,0,0,1
13.205,1,0,0,0
13.305,1,0,0,1
13.405,1,0,0,1
13.505,0,0,0,1
13.605,1,0,0,1
13.705,1,0,0,1
13.805,1,0,0,1
13.905,1,0,0,1
14.005,1,0,0,1
14.105,1,0,0,1
14.205,1,0,0,1
14.305,1,0,0,1
14.405,1,0,0,1
14.505,1,0,0,1
14.605,1,0,0,1
14.705,0,0,0,1
14.805,0,0,0,1
14.905,0,0,0,1
15.005,1,0,0,0
15.105,1,0,0,1
15.205,1,0,0,1
15.305,1,0,0,1
15.405,1,0,0,1
15.505,1,0,0,1
15.605,0,0,0,1
15.705,1,0,0,0
15.805,1,0,0,0
15.905,1,0,0,1
16.005,1,0,0,1
16.105,0,0,0,1
16.205,0,0,0,1
16.305,1,0,0,1
16.405,1,0,0,0
16.505,0,0,0,1
16.605,1,0,0,1
16.705,1,0,0,1
16.805,0,0,0,1
16.905,1,0,0,1
17.005,1,0,0,1
17.105,1,0,0,1
17.205,1,0,0,1
17.305,1,0,0,1
17.405,0,0,0,1
17.505,1,0,0,1
17.605,0,0,0,1
17.705,1,0,0,1
17.805,1,0,0,1
17.905,1,0,0,1
18.005,0,0,0,1
18.105,0,0,0,1
18.205,1,0,0,0
18.305,0,0,0,1
18.405,0,0,0,1
18.505,1,0,0,1
18.605,0,0,0,1
18.705,0,0,0,1
18.805,1,0,0,1
18.905,1,0,0,0
19.005,1,0,0,1
19.105,1,0,0,1
19.205,1,0,0,1
19.305,1,0,0,1
19.405,0,0,0,1
19.505,0,0,0,0
19.605,0,0,0,1
19.705,1,0,0,1
19.805,1,0,0,1
19.905,1,0,0,1
20.005,1,0,0,1
20.105,1,0,0,0
20.205,1,0,0,1
20.305,1,0,0,1
20.405,1,0,0,0
20.505,1,0,0,1
20.605,1,0,0,1
20.705,0,0,0,1
20.805,1,0,0,1
20.905,0,0,0,1
21.005,1,0,0,0
21.105,1,0,0,1
21.205,0,0,0,1
21.305,1,0,0,1
21.405,1,0,0,0
21.505,1,0,0,1
21.605,1,0,0,1
21.705,1,0,0,1
21.805,1,0,0,1
21.905,0,0,0,1
22.005,1,0,0,0
22.105,0,0,0,1
22.205,1,0,0,0
22.305,0,0,0,1
22.405,0,0,0,0
22.505,0,0,0,1
22.605,1,0,0,1
22.705,1,0,0,1
22.805,0,0,0,1
22.905,1,0,0,1
23.005,0,0,0,1
23.105,1,0,0,1
23.205,1,0,0,1
23.305,1,0,0,1
23.405,0,0,0,0
23.505,1,0,0,1
23.605,1,0,0,1
23.705,0,0,0,1
23.805,0,0,0,1
23.905,1,0,0,1
24.005,1,0,0,0
24.105,0,0,0,1
24.205,1,0,0,1
24.305,1,0,0,0
24.405,1,0,0,1
24.505,1,0,0,1
24.605,1,0,0,1
24.705,1,0,0,1
24.805,1,0,0,1
24.905,0,0,0,1
25.005,1,0,0,1
25.105,1,0,0,1
25.205,1,0,0,1
25.305,1,0,0,1
25.405,1,0,0,1
25.505,1,0,0,1
25.605,0,0,0,1
25.705,0,0,0,1
25.805,0,0,0,1
25.905,1,0,0,1
26.005,1,0,0,0
26.105,1,0,0,0
26.205,1,0,0,1
26.305,0,0,0,1
26.405,1,0,0,1
26.505,1,0,0,1
26.605,1,0,0,1
26.705,1,0,0,1
26.805,0,0,0,0
26.905,0,0,0,1
27.005,1,0,0,1
27.105,1,0,0,1
27.205,0,0,0,1
27.305,1,0,0,0
27.405,0,0,0,1
27.505,1,0,0,1
27.605,1,0,0,1
27.705,1,0,0,1
27.805,1,0,0,1
27.905,1,0,0,0
28.005,0,0,0,1
28.105,0,0,0,1
28.205,1,0,0,1
28.305,1,0,0,1
28.405,0,0,0,0
28.505,0,0,0,1
28.605,0,0,0,1
28.705,1,0,0,0
28.805,1,0,0,1
28.905,1,0,0,0
29.005,1,0,0,1
29.105,1,0,0,1
29.205,0,0,0,1
29.305,1,0,0,1
29.405,1,0,0,0
29.505,0,0,0,1
29.605,1,0,0,1
29.705,1,0,0,1
29.805,0,0,0,1
29.905,1,0,0,0
30.005,1,0,0,1
30.105,1,0,0,0
30.205,0,0,0,0
30.305,1,0,0,0
30.405,1,0,0,1
30.505,1,0,0,0
30.605,1,0,0,0
30.705,1,0,0,1
30.805,0,0,0,1
30.905,1,0,0,1
31.005,1,0,0,1
31.105,1,0,0,1
31.205,0,0,0,0
31.305,1,0,0,0
31.405,1,0,0,1
31.505,1,0,0,0
31.605,0,0,0,0
31.705,0,0,0,1
31.805,1,0,0,1
31.905,0,0,0,1
32.005,0,0,0,1
32.105,0,0,0,1
32.205,1,0,0,1
32.305,1,0,0,1
32.405,1,0,0,0
32.505,0,0,0,1
32.605,0,0,0,0
32.705,0,0,0,1
32.805,1,0,0,0
32.905,1,0,0,1
33.005,0,0,0,1
33.105,1,0,0,0
33.205,1,0,0,0
33.305,0,0,0,0
33.405,1,0,0,1
33.505,0,0,0,1
33.605,1,0,0,1
33.705,1,0,0,1
33.805,1,0,0,1
33.905,1,0,0,1
34.005,1,0,0,1
34.105,0,0,0,1
34.205,1,0,0,1
34.305,0,0,0,1
34.405,0,0,0,1
34.505,0,0,0,1
34.605,1,0,0,1
34.705,0,0,0,1
34.805,1,0,0,1
34.905,1,0,0,1
35.005,1,0,0,1
35.105,0,0,0,1
35.205,1,0,0,1
35.305,0,0,0,0
35.405,1,0,0,1
35.505,0,0,0,1
35.605,0,0,0,1
35.705,0,0,0,1
35.805,0,0,0,1
35.905,0,0,0,1
36.005,0,0,0,0
36.105,0,0,0,1
36.205,1,0,0,0
36.305,0,0,0,1
36.405,0,0,0,1
36.505,1,0,0,1
36.605,1,0,0,1
36.705,0,0,0,1
36.805,0,0,0,0
36.905,1,0,0,1
37.005,0,0,0,1
37.105,1,0,0,1
37.205,1,0,0,1
37.305,0,0,0,0
37.405,0,0,0,1
37.505,0,0,0,1
37.605,1,0,0,1
37.705,1,0,0,1
37.805,0,0,0,1
37.905,0,0,0,0
38.005,1,0,0,0
38.105,1,0,0,1
38.205,0,0,0,1
38.305,0,0,0,1
38.405,1,0,0,1
38.505,1,0,0,0
38.605,1,0,0,1
38.705,0,0,0,1
38.805,1,0,0,1
38.905,0,0,0,1
39.005,1,0,0,1
39.105,0,0,0,1
39.205,0,0,0,1
39.305,0,0,0,1
39.405,1,0,0,1
39.505,1,0,0,1
39.605,0,0,0,0
39.705,1,0,0,1
39.805,0,0,0,1
39.905,1,0,0,1
40.005,0,0,0,1
40.105,0,0,0,1
40.205,1,0,0,1
40.305,0,0,0,1
40.405,0,0,0,0
40.505,0,0,0,1
40.605,1,0,0,1
40.705,0,0,0,1
40.805,0,0,0,1
40.905,1,0,0,1
41.005,0,0,0,1
41.105,0,0,0,1
41.205,1,0,0,1
41.305,1,0,0,1
41.405,1,0,0,1
41.505,1,0,0,1
41.605,0,0,0,1
41.705,0,0,0,1
41.805,0,0,0,1
41.905,0,0,0,1
42.005,1,0,0,1
42.105,1,0,0,1
42.205,0,0,0,1
42.305,1,0,0,1
42.405,1,0,0,1
42.505,0,0,0,1
42.605,0,0,0,0
42.705,1,0,0,1
42.805,1,0,0,1
42.905,1,0,0,1
43.005,0,0,0,1
43.105,0,0,0,1
43.205,1,0,0,1
43.305,0,0,0,1
43.405,1,0,0,1
43.505,1,0,0,1
43.605,0,0,0,1
43.705,0,0,0,1
43.805,1,0,0,1
43.905,1,0,0,1
44.005,1,0,0,1
44.105,0,0,0,1
44.205,1,0,0,1
44.305,1,0,0,1
44.405,0,0,0,1
44.505,1,0,0,1
44.605,1,0,0,1
44.705,1,0,0,1
44.805,1,0,0,1
44.905,1,0,0,1
45.005,0,0,0,1
45.105,0,0,0,1
45.205,0,0,0,1
45.305,1,0,0,1
45.405,0,0,0,1
45.505,1,0,0,1
45.605,1,0,0,1
45.705,0,0,0,1
45.805,1,0,0,1
45.905,0,0,0,1
46.005,1,0,0,1
46.105,1,0,0,1
46.205,0,0,0,1
46.305,1,0,0,0
46.405,0,0,0,1
46.505,1,0,0,1
46.605,1,0,0,1
46.705,1,0,0,0
46.805,1,0,0,1
46.905,0,0,0,1
47.005,0,0,0,1
47.105,1,0,0,0
47.205,1,0,0,1
47.305,1,0,0,1
47.405,1,0,0,1
47.505,1,0,0,1
47.605,0,0,0,1
47.705,0,0,0,1
47.805,0,0,0,1
47.905,1,0,0,1
48.005,0,0,0,1
48.105,0,0,0,1
48.205,0,0,0,1
48.305,0,0,0,1
48.405,0,0,0,1
48.505,1,0,0,1
48.605,0,0,0,1
48.705,0,0,0,1
48.805,1,0,0,1
48.905,1,0,0,1
49.005,0,0,0,0
49.105,0,0,0,0
49.205,1,0,0,1
49.305,1,0,0,1
49.405,0,0,0,1
49.505,1,0,0,1
49.605,0,0,0,0
49.705,1,0,0,1
49.805,0,0,0,1
49.905,0,0,0,0
50.005,1,0,0,1
50.105,0,0,0,1
50.205,0,0,0,1
50.305,0,0,0,1
50.405,1,0,0,1
50.505,1,0,0,1
50.605,1,0,0,1
50.705,1,0,0,1
50.805,1,0,0,1
50.905,1,0,0,1
51.005,1,0,0,1
51.105,1,0,0,0
51.205,0,0,0,1
51.305,1,0,0,1
51.405,1,0,0,1
51.505,0,0,0,1
51.605,1,0,0,0
51.705,1,0,0,0
51.805,1,0,0,0
51.905,1,0,0,1
52.005,1,0,0,1
52.105,1,0,0,0
52.205,0,0,0,1
52.305,0,0,0,1
52.405,1,0,0,1
52.505,1,0,0,1
52.605,1,0,0,1
52.705,1,0,0,0
52.805,1,0,0,1
52.905,1,0,0,1
53.005,1,0,0,1
53.105,0,0,0,1
53.205,1,0,0,1
53.305,1,0,0,0
53.405,0,0,0,1
53.505,1,0,0,0
53.605,0,0,0,1
53.705,1,0,0,1
53.805,0,0,0,1
53.905,1,0,0,1
54.005,1,0,0,1
54.105,1,0,0,1
54.205,1,0,0,1
54.305,0,0,0,1
54.405,1,0,0,1
54.505,1,0,0,1
54.605,1,0,0,1
54.705,1,0,0,1
54.805,1,0,0,1
54.905,0,0,0,1
55.005,1,0,0,0
55.105,0,0,0,0
55.205,1,0,0,0
55.305,1,0,0,1
55.405,1,0,0,1
55.505,1,0,0,1
55.605,1,0,0,0
55.705,1,0,0,1
55.805,1,0,0,0
55.905,1,0,0,1
56.005,1,0,0,0
56.105,1,0,0,1
56.205,1,0,0,1
56.305,1,0,0,0
56.405,1,0,0,0
56.505,1,0,0,1
56.605,1,0,0,0
56.705,1,0,0,0
56.805,1,0,0,1
56.905,1,0,0,1
57.005,0,0,0,1
57.105,0,0,0,1
57.205,1,0,0,1
57.305,1,0,0,1
57.405,1,0,0,1
57.505,1,0,0,0
57.605,1,0,0,1
57.705,0,0,0,1
57.805,1,0,0,1
57.905,0,0,0,0
58.005,0,0,0,0
58.105,1,0,0,1
58.205,1,0,0,1
58.305,0,0,0,1
58.405,1,0,0,1
58.505,1,0,0,1
58.605,1,0,0,0
58.705,1,0,0,1
58.805,1,0,0,1
58.905,1,0,0,0
59.005,1,0,0,1
59.105,1,0,0,1
59.205,1,0,0,1
59.305,1,0,0,1
59.405,1,0,0,1
59.505,1,0,0,1
59.605,0,0,0,1
59.705,1,0,0,0
59.805,1,0,0,1
59.905,1,0,0,1
60.005,1,0,0,1
60.105,1,0,0,1
60.205,1,0,0,1
60.305,1,0,0,0
60.405,1,0,0,1
60.505,0,0,0,1
60.605,1,0,0,1
60.705,1,0,0,1
60.805,1,0,0,1
60.905,1,0,0,1
61.005,1,0,0,1
61.105,1,0,0,1
61.205,1,0,0,1
61.305,1,0,0,1
61.405,1,0,0,1
61.505,0,0,0,1
61.605,0,0,0,1
61.705,1,0,0,1
61.805,0,0,0,1
61.905,1,0,0,1
62.005,0,0,0,1
62.105,1,0,0,1
62.205,1,0,0,1
62.305,1,0,0,1
62.405,0,0,0,1
62.505,1,0,0,1
62.605,1,0,0,0
62.705,1,0,0,1
62.805,1,0,0,0
62.905,0,0,0,0
63.005,1,0,0,1
63.105,0,0,0,1
63.205,1,0,0,1
63.305,1,0,0,1
63.405,1,0,0,1
63.505,1,0,0,1
63.605,1,0,0,1
63.705,1,0,0,0
63.805,1,0,0,1
63.905,0,0,0,0
64.005,1,0,0,1
64.105,1,0,0,1
64.205,1,0,0,1
64.305,1,0,0,1
64.405,1,0,0,1
64.505,1,0,0,1
64.605,0,0,0,1
64.705,1,0,0,1
64.805,1,0,0,0
64.905,0,0,0,1
65.005,1,0,0,1
65.105,1,0,0,1
65.205,0,0,0,1
65.305,1,0,0,1
65.405,1,0,0,1
65.505,1,0,0,1
65.605,1,0,0,1
65.705,1,0,0,1
65.805,1,0,0,1
65.905,1,0,0,0
66.005,0,0,0,1
66.105,0,0,0,0
66.205,0,0,0,1
66.305,1,0,0,1
66.405,1,0,0,1
66.505,1,0,0,1
66.605,1,0,0,1
66.705,1,0,0,1
66.805,1,0,0,0
66.905,1,0,0,1
67.005,1,0,0,1
67.105,1,0,0,1
67.205,1,0,0,1
67.305,0,0,0,1
67.405,1,0,0,1
67.505,1,0,0,1
67.605,1,0,0,1
67.705,1,0,0,1
67.805,0,0,0,1
67.905,1,0,0,0
68.005,1,0,0,1
68.105,1,0,0,1
68.205,1,0,0,1
68.305,1,0,0,1
68.405,1,0,0,1
68.505,1,0,0,1
68.605,1,0,0,1
68.705,1,0,0,1
68.805,1,0,0,1
68.905,0,0,0,1
69.005,0,0,0,1
69.105,0,0,0,1
69.205,0,0,0,1
69.305,1,0,0,1
69.405,1,0,0,1
69.505,1,0,0,1
69.605,1,0,0,1
69.705,1,0,0,1
69.805,1,0,0,1
69.905,0,0,0,1
70.005,1,0,0,1
70.105,1,0,0,1
70.205,0,0,0,1
70.305,1,0,0,1
70.405,1,0,0,1
70.505,1,0,0,1
70.605,0,0,0,1
70.705,1,0,0,0
70.805,0,0,0,1
70.905,0,0,0,0
71.005,1,0,0,1
71.105,1,0,0,1
71.205,1,0,0,1
71.305,1,0,0,1
71.405,0,0,0,1
71.505,1,0,0,1
71.605,1,0,0,1
71.705,1,0,0,1
71.805,0,0,0,0
71.905,1,0,0,1
72.005,1,0,0,1
72.105,1,0,0,1
72.205,1,0,0,0
72.305,1,0,0,0
72.405,1,0,0,1
72.505,1,0,0,1
72.605,1,0,0,1
72.705,1,0,0,1
72.805,0,0,0,1
72.905,1,0,0,1
73.005,1,0,0,1
73.105,1,0,0,1
73.205,1,0,0,1
73.305,1,0,0,1
73.405,1,0,0,1
73.505,0,0,0,1
73.605,1,0,0,1
73.705,1,0,0,1
73.805,1,0,0,1
73.905,1,0,0,1
74.005,1,0,0,0
74.105,1,0,0,1
74.205,1,0,0,0
74.305,1,0,0,1
74.405,1,0,0,1
74.505,1,0,0,1
74.605,1,0,0,1
74.705,1,0,0,1
74.805,0,0,0,1
74.905,0,0,0,0
75.005,1,0,0,1
75.105,1,0,0,1
75.205,1,0,0,1
75.305,1,0,0,1
75.405,1,0,0,1
75.505,1,0,0,1
75.605,0,0,0,1
75.705,1,0,0,1
75.805,1,0,0,1
75.905,1,0,0,1
76.005,0,0,0,1
76.105,1,0,0,1
76.205,1,0,0,1
76.305,1,0,0,1
76.405,0,0,0,1
76.505,1,0,0,1
76.605,1,0,0,1
76.705,0,0,0,1
76.805,0,0,0,1
76.905,1,0,0,1
77.005,1,0,0,1
77.105,0,0,0,1
77.205,0,0,0,1
77.305,1,0,0,1
77.405,1,0,0,0
77.505,1,0,0,1
77.605,1,0,0,1
77.705,0,0,0,0
77.805,1,0,0,1
77.905,1,0,0,1
78.005,1,0,0,1
78.105,1,0,0,1
78.205,1,0,0,1
78.305,0,0,0,1
78.405,0,0,0,1
78.505,0,0,0,1
78.605,0,0,0,0
78.705,1,0,0,1
78.805,0,0,0,1
78.905,0,0,0,0
79.005,1,0,0,1
79.105,0,0,0,0
79.205,1,0,0,1
79.305,1,0,0,1
79.405,0,0,0,1
79.505,0,0,0,1
79.605,1,0,0,1
79.705,1,0,0,0
79.805,0,0,0,1
79.905,1,0,0,1
80.005,1,0,0,1
80.105,1,0,0,1
80.205,1,0,0,1
80.305,1,0,0,1
80.405,1,0,0,1
80.505,1,0,0,1
80.605,1,0,0,1
80.705,0,0,0,1
80.805,1,0,0,1
80.905,1,0,0,1
81.005,1,0,0,1
81.105,1,0,0,1
81.205,1,0,0,1
81.305,1,0,0,1
81.405,1,0,0,1
81.505,1,0,0,1
81.605,0,0,0,0
81.705,0,0,0,1
81.805,1,0,0,1
81.905,0,0,0,1
82.005,1,0,0,1
82.105,1,0,0,1
82.205,0,0,0,1
82.305,1,0,0,0
82.405,1,0,0,1
82.505,1,0,0,1
82.605,1,0,0,1
82.705,1,0,0,1
82.805,1,0,0,1
82.905,1,0,0,1
83.005,1,0,0,1
83.105,1,0,0,1
83.205,0,0,0,1
83.305,1,0,0,1
83.405,0,0,0,1
83.505,1,0,0,1
83.605,0,0,0,1
83.705,1,0,0,1
83.805,0,0,0,1
83.905,1,0,0,1
84.005,0,0,0,1
84.105,1,0,0,1
84.205,1,0,0,1
84.305,1,0,0,1
84.405,1,0,0,1
84.505,1,0,0,1
84.605,1,0,0,1
84.705,1,0,0,1
84.805,0,0,0,1
84.905,0,0,0,1
85.005,1,0,0,1
85.105,1,0,0,1
85.205,0,0,0,1
85.305,1,0,0,0
85.405,0,0,0,1
85.505,1,0,0,1
85.605,1,0,0,1
85.705,1,0,0,1
85.805,0,0,0,1
85.905,0,0,0,1
86.005,1,0,0,1
86.105,1,0,0,1
86.205,0,0,0,1
86.305,0,0,0,1
86.405,0,0,0,1
86.505,1,0,0,1
86.605,1,0,0,1
86.705,0,0,0,1
86.805,1,0,0,1
86.905,1,0,0,0
87.005,1,0,0,1
87.105,0,0,0,1
87.205,1,0,0,1
87.305,0,0,0,1
87.405,1,0,0,1
87.505,1,0,0,1
87.605,1,0,0,1
87.705,1,0,0,1
87.805,1,0,0,1
87.905,1,0,0,1
88.005,1,0,0,1
88.105,1,0,0,1
88.205,0,0,0,1
88.305,0,0,0,1
88.405,1,0,0,1
88.505,0,0,0,1
88.605,0,0,0,1
88.705,1,0,0,1
88.805,0,0,0,1
88.905,1,0,0,0
89.005,1,0,0,1
89.105,1,0,0,1
89.205,1,0,0,1
89.305,0,0,0,1
89.405,1,0,0,1
89.505,0,0,0,0
89.605,1,0,0,1
89.705,1,0,0,1
89.805,0,0,0,1
89.905,1,0,0,1
90.005,1,0,0,1
90.105,1,0,0,0
90.205,1,0,0,1
90.305,1,0,0,0
90.405,0,0,0,1
90.505,0,0,0,1
90.605,1,0,0,1
90.705,1,0,0,1
90.805,0,0,0,0
90.905,1,0,0,1
91.005,1,0,0,1
91.105,1,0,0,1
91.205,0,0,0,1
91.305,1,0,0,1
91.405,1,0,0,1
91.505,0,0,0,1
91.605,0,0,0,1
91.705,1,0,0,1
91.805,1,0,0,1
91.905,0,0,0,1
92.005,1,0,0,1
92.105,0,0,0,0
92.205,1,0,0,1
92.305,1,0,0,1
92.405,1,0,0,1
92.505,1,0,0,1
92.605,1,0,0,1
92.705,1,0,0,1
92.805,1,0,0,1
92.905,1,0,0,0
93.005,1,0,0,1
93.105,0,0,0,1
93.205,1,0,0,1
93.305,1,0,0,1
93.405,1,0,0,1
93.505,1,0,0,1
93.605,1,0,0,1
93.705,1,0,0,1
93.805,1,0,0,1
93.905,1,0,0,1
94.005,1,0,0,1
94.105,1,0,0,1
94.205,1,0,0,1
94.305,1,0,0,1
94.405,1,0,0,1
94.505,1,0,0,1
94.605,1,0,0,1
94.705,0,0,0,1
94.805,1,0,0,1
94.905,0,0,0,1
95.005,1,0,0,1
95.105,0,0,0,1
95.205,1,0,0,1
95.305,0,0,0,1
95.405,1,0,0,1
95.505,1,0,0,0
95.605,0,0,0,1
95.705,1,0,0,1
95.805,1,0,0,1
95.905,1,0,0,1
96.005,0,0,0,1
96.105,1,0,0,1
96.205,0,0,0,1
96.305,1,0,0,1
96.405,0,0,0,1
96.505,1,0,0,1
96.605,1,0,0,1
96.705,0,0,0,1
96.805,1,0,0,1
96.905,1,0,0,1
97.005,1,0,0,1
97.105,1,0,0,1
97.205,1,0,0,1
97.305,0,0,0,1
97.405,1,0,0,0
97.505,0,0,0,1
97.605,1,0,0,1
97.705,1,0,0,1
97.805,1,0,0,1
97.905,0,0,0,0
98.005,1,0,0,1
98.105,1,0,0,1
98.205,1,0,0,0
98.305,0,0,0,1
98.405,1,0,0,1
98.505,0,0,0,1
98.605,1,0,0,1
98.705,0,0,0,1
98.805,1,0,0,1
98.905,1,0,0,1
99.005,1,0,0,1
99.105,1,0,0,1
99.205,0,0,0,1
99.305,0,0,0,1
99.405,0,0,0,1
99.505,1,0,0,1
99.605,1,0,0,1
99.705,1,0,0,1
99.805,1,0,0,1
99.905,1,0,0,1
100.005,1,0,0,1
100.105,1,0,0,0
100.205,1,0,0,1
100.305,1,0,0,1
100.405,1,0,0,1
100.505,1,0,0,1
100.605,1,0,0,1
100.705,1,0,0,1
100.805,1,0,0,1
100.905,1,0,0,1
101.005,0,0,0,1
101.105,1,0,0,1
101.205,1,0,0,1
101.305,0,0,0,1
101.405,0,0,0,1
101.505,0,0,0,1
101.605,1,0,0,1
101.705,1,0,0,1
101.805,1,0,0,1
101.905,1,0,0,1
102.005,0,0,0,1
102.105,0,0,0,1
102.205,1,0,0,1
102.305,1,0,0,1
102.405,1,0,0,1
102.505,1,0,0,1
102.605,1,0,0,1
102.705,1,0,0,1
102.805,1,0,0,1
102.905,0,0,0,0
103.005,1,0,0,1
103.105,1,0,0,0
103.205,1,0,0,1
103.305,1,0,0,1
103.405,0,0,0,1
103.505,1,0,0,1
103.605,0,0,0,1
103.705,0,0,0,1
103.805,0,0,0,1
103.905,0,0,0,1
104.005,0,0,0,1
104.105,1,0,0,1
104.205,1,0,0,1
104.305,0,0,0,0
104.405,1,0,0,0
104.505,0,0,0,0
104.605,1,0,0,1
104.705,1,0,0,0
104.805,1,0,0,1
104.905,1,0,0,1
105.005,0,0,0,1
105.105,1,0,0,1
105.205,0,0,0,1
105.305,1,0,0,1
105.405,0,0,0,1
105.505,0,0,0,1
105.605,1,0,0,1
105.705,1,0,0,1
105.805,0,0,0,1
105.905,1,0,0,0
106.005,1,0,0,1
106.105,1,0,0,0
106.205,0,0,0,1
106.305,1,0,0,1
106.405,0,0,0,1
106.505,1,0,0,1
106.605,1,0,0,1
106.705,1,0,0,1
106.805,1,0,0,1
106.905,1,0,0,1
107.005,1,0,0,1
107.105,1,0,0,0
107.205,1,0,0,1
107.305,1,0,0,1
107.405,1,0,0,0
107.505,1,0,0,1
107.605,1,0,0,1
107.705,1,0,0,1
107.805,0,0,0,1
107.905,1,0,0,1
108.005,1,0,0,1
108.105,1,0,0,0
108.205,1,0,0,1
108.305,1,0,0,1
108.405,1,0,0,1
108.505,0,0,0,1
108.605,1,0,0,1
108.705,0,0,0,0
108.805,1,0,0,0
108.905,1,0,0,1
109.005,1,0,0,1
109.105,1,0,0,0
109.205,0,0,0,1
109.305,0,0,0,0
109.405,1,0,0,1
109.505,1,0,0,1
109.605,1,0,0,0
109.705,0,0,0,1
109.805,1,0,0,1
109.905,0,0,0,1
110.005,1,0,0,1
110.105,1,0,0,1
110.205,1,0,0,0
110.305,1,0,0,1
110.405,0,0,0,1
110.505,1,0,0,1
110.605,0,0,0,1
110.705,1,0,0,1
110.805,1,0,0,1
110.905,1,0,0,1
111.005,0,0,0,1
111.105,0,0,0,1
111.205,1,0,0,1
111.305,1,0,0,1
111.405,1,0,0,0
111.505,1,0,0,0
111.605,1,0,0,0
111.705,0,0,0,1
111.805,1,0,0,0
111.905,1,0,0,1
112.005,1,0,0,1
112.105,0,0,0,1
112.205,1,0,0,0
112.305,1,0,0,1
112.405,1,0,0,0
112.505,1,0,0,1
112.605,1,0,0,1
112.705,1,0,0,1
112.805,1,0,0,1
112.905,0,0,0,0
113.005,1,0,0,1
113.105,1,0,0,1
113.205,1,0,0,1
113.305,1,0,0,1
113.405,1,0,0,1
113.505,1,0,0,1
113.605,1,0,0,1
113.705,1,0,0,1
113.805,1,0,0,1
113.905,1,0,0,0
114.005,1,0,0,1
114.105,1,0,0,0
114.205,0,0,0,1
114.305,1,0,0,1
114.405,1,0,0,1
114.505,1,0,0,1
114.605,1,0,0,1
114.705,0,0,0,1
114.805,1,0,0,1
114.905,1,0,0,1
115.005,1,0,0,1
115.105,1,0,0,1
115.205,1,0,0,1
115.305,1,0,0,0
115.405,1,0,0,0
115.505,1,0,0,1
115.605,1,0,0,1
115.705,0,0,0,1
115.805,0,0,0,1
115.905,1,0,0,1
116.005,1,0,0,1
116.105,1,0,0,1
116.205,0,0,0,1
116.305,1,0,0,1
116.405,1,0,0,1
116.505,1,0,0,1
116.605,1,0,0,1
116.705,0,0,0,1
116.805,1,0,0,1
116.905,0,0,0,1
117.005,1,0,0,1
117.105,1,0,0,1
117.205,1,0,0,1
117.305,1,0,0,1
117.405,0,0,0,0
117.505,0,0,0,1
117.605,0,0,0,1
117.705,1,0,0,1
117.805,1,0,0,0
117.905,1,0,0,1
118.005,1,0,0,1
118.105,1,0,0,0
118.205,1,0,0,1
118.305,1,0,0,1
118.405,1,0,0,1
118.505,1,0,0,0
118.605,1,0,0,0
118.705,1,0,0,1
118.805,1,0,0,1
118.905,0,0,0,1
119.005,1,0,0,1
119.105,1,0,0,1
119.205,1,0,0,1
119.305,1,0,0,1
119.405,1,0,0,1
119.505,1,0,0,1
119.605,1,0,0,1
119.705,1,0,0,0
119.805,1,0,0,1
119.905,1,0,0,1
120.005,1,0,0,1
120.105,1,0,0,0
120.205,1,0,0,1
120.305,1,0,0,1
120.405,1,0,0,1
120.505,1,0,0,1
120.605,0,0,0,1
120.705,1,0,0,1
120.805,1,0,0,1
120.905,1,0,0,1
121.005,1,0,0,1
121.105,0,0,0,1
121.205,1,0,0,1
121.305,0,0,0,1
121.405,1,0,0,0
121.505,1,0,0,1
121.605,1,0,0,1
121.705,1,0,0,1
121.805,1,0,0,0
121.905,1,0,0,1
122.005,1,0,0,1
122.105,1,0,0,1
122.205,1,0,0,1
122.305,1,0,0,1
122.405,1,0,0,1
122.505,1,0,0,1
122.605,1,0,0,1
122.705,1,0,0,1
122.805,1,0,0,1
122.905,1,0,0,1
123.005,1,0,0,1
123.105,0,0,0,1
123.205,1,0,0,1
123.305,1,0,0,1
123.405,1,0,0,1
123.505,1,0,0,1
123.605,1,0,0,1
123.705,0,0,0,1
123.805,1,0,0,1
123.905,1,0,0,1
124.005,1,0,0,1
124.105,1,0,0,1
124.205,1,0,0,1
124.305,1,0,0,1
124.405,1,0,0,1
124.505,1,0,0,1
124.605,1,0,0,1
124.705,1,0,0,1
124.805,1,0,0,1
124.905,1,0,0,1
125.005,1,0,0,0
125.105,1,0,0,0
125.205,1,0,0,0
125.305,1,0,0,0
125.405,1,0,0,1
125.505,1,0,0,1
125.605,0,0,0,1
125.705,0,0,0,1
125.805,1,0,0,1
125.905,1,0,0,1
126.005,1,0,0,0
126.105,1,0,0,1
126.205,1,0,0,1
126.305,1,0,0,1
126.405,1,0,0,0
126.505,1,0,0,1
126.605,0,0,0,1
126.705,1,0,0,1
126.805,0,0,0,1
126.905,0,0,0,1
127.005,1,0,0,1
127.105,1,0,0,0
127.205,1,0,0,1
127.305,0,0,0,1
127.405,0,0,0,1
127.505,1,0,0,1
127.605,0,0,0,1
127.705,1,0,0,1
127.805,1,0,0,1
127.905,1,0,0,0
128.005,1,0,0,1
128.105,0,0,0,1
128.205,1,0,0,1
128.305,0,0,0,1
128.405,0,0,0,0
128.505,1,0,0,0
128.605,1,0,0,1
128.705,1,0,0,1
128.805,1,0,0,0
128.905,1,0,0,1
129.005,1,0,0,0
129.105,1,0,0,1
129.205,1,0,0,1
129.305,0,0,0,1
129.405,1,0,0,1
129.505,1,0,0,0
129.605,1,0,0,1
129.705,1,0,0,1
129.805,1,0,0,1
129.905,1,0,0,0
130.005,1,0,0,1
130.105,1,0,0,1
130.205,1,0,0,0
130.305,1,0,0,1
130.405,1,0,0,1
130.505,1,0,0,1
130.605,1,0,0,0
130.705,1,0,0,1
130.805,1,0,0,0
130.905,1,0,0,1
131.005,1,0,0,0
131.105,1,0,0,1
131.205,1,0,0,1
131.305,1,0,0,1
131.405,1,0,0,1
131.505,0,0,0,0
131.605,1,0,0,1
131.705,0,0,0,1
131.805,0,0,0,0
131.905,1,0,0,1
132.005,0,0,0,1
132.105,1,0,0,1
132.205,1,0,0,1
132.305,1,0,0,0
132.405,1,0,0,1
132.505,1,0,0,1
132.605,0,0,0,1
132.705,1,0,0,1
132.805,1,0,0,1
132.905,1,0,0,1
133.005,1,0,0,1
133.105,1,0,0,1
133.205,1,0,0,1
133.305,1,0,0,1
133.405,0,0,0,1
133.505,1,0,0,1
133.605,1,0,0,1
133.705,1,0,0,1
133.805,1,0,0,1
133.905,1,0,0,1
134.005,0,0,0,1
134.105,1,0,0,1
134.205,1,0,0,1
134.305,0,0,0,0
134.405,1,0,0,1
134.505,1,0,0,1
134.605,1,0,0,1
134.705,1,0,0,1
134.805,1,0,0,1
134.905,1,0,0,0
135.005,0,0,0,0
135.105,1,0,0,0
135.205,1,0,0,1
135.305,1,0,0,0
135.405,1,0,0,1
135.505,1,0,0,1
135.605,1,0,0,1
135.705,1,0,0,1
135.805,1,0,0,1
135.905,1,0,0,1
136.005,1,0,0,1
136.105,1,0,0,1
136.205,1,0,0,1
136.305,0,0,0,1
136.405,1,0,0,0
136.505,1,0,0,1
136.605,0,0,0,1
136.705,1,0,0,0
136.805,1,0,0,1
136.905,1,0,0,1
137.005,0,0,0,0
137.105,1,0,0,1
137.205,1,0,0,1
137.305,1,0,0,1
137.405,1,0,0,1
137.505,1,0,0,0
137.605,0,0,0,1
137.705,1,0,0,1
137.805,1,0,0,1
137.905,0,0,0,1
138.005,1,0,0,1
138.105,1,0,0,1
138.205,1,0,0,1
138.305,0,0,0,1
138.405,1,0,0,1
138.505,1,0,0,1
138.605,1,0,0,0
138.705,0,0,0,1
138.805,1,0,0,1
138.905,0,0,0,1
139.005,1,0,0,1
139.105,1,0,0,1
139.205,1,0,0,1
139.305,1,0,0,1
139.405,0,0,0,1
139.505,1,0,0,1
139.605,1,0,0,0
139.705,1,0,0,1
139.805,1,0,0,0
139.905,1,0,0,1
140.005,1,0,0,1
140.105,1,0,0,0
140.205,1,0,0,1
140.305,1,0,0,1
140.405,1,0,0,0
140.505,1,0,0,1
140.605,1,0,0,1
140.705,1,0,0,1
140.805,1,0,0,0
140.905,0,0,0,1
141.005,0,0,0,1
141.105,1,0,0,1
141.205,1,0,0,1
141.305,0,0,0,1
141.405,1,0,0,0
141.505,1,0,0,1
141.605,1,0,0,1
141.705,1,0,0,0
141.805,1,0,0,1
141.905,1,0,0,1
142.005,1,0,0,0
142.105,1,0,0,1
142.205,1,0,0,1
142.305,0,0,0,1
142.405,1,0,0,1
142.505,1,0,0,0
142.605,1,0,0,0
142.705,1,0,0,1
142.805,0,0,0,0
142.905,0,0,0,0
143.005,1,0,0,1
143.105,0,0,0,1
143.205,1,0,0,0
143.305,1,0,0,1
143.405,1,0,0,1
143.505,1,0,0,0
143.605,1,0,0,1
143.705,1,0,0,1
143.805,0,0,0,1
143.905,0,0,0,1
144.005,0,0,0,1
144.105,1,0,0,1
144.205,1,0,0,1
144.305,1,0,0,0
144.405,1,0,0,1
144.505,1,0,0,1
144.605,0,0,0,1
144.705,1,0,0,1
144.805,1,0,0,0
144.905,1,0,0,1
145.005,1,0,0,1
145.105,0,0,0,1
145.205,1,0,0,1
145.305,1,0,0,0
145.405,1,0,0,1
145.505,0,0,0,1
145.605,1,0,0,1
145.705,1,0,0,1
145.805,1,0,0,1
145.905,1,0,0,1
146.005,1,0,0,1
146.105,1,0,0,1
146.205,1,0,0,1
146.305,0,0,0,1
146.405,1,0,0,1
146.505,0,0,0,0
146.605,1,0,0,1
146.705,0,0,0,1
146.805,1,0,0,1
146.905,0,0,0,0
147.005,1,0,0,1
147.105,1,0,0,1
147.205,1,0,0,1
147.305,0,0,0,0
147.405,1,0,0,1
147.505,1,0,0,0
147.605,1,0,0,0
147.705,1,0,0,1
147.805,1,0,0,0
147.905,0,0,0,1
148.005,0,0,0,1
148.105,1,0,0,1
148.205,1,0,0,1
148.305,0,0,0,1
148.405,0,0,0,1
148.505,0,0,0,1
148.605,0,0,0,1
148.705,1,0,0,1
148.805,0,0,0,1
148.905,1,0,0,1
149.005,0,0,0,1
149.105,1,0,0,0
149.205,1,0,0,1
149.305,1,0,0,1
149.405,1,0,0,1
149.505,1,0,0,1
149.605,1,0,0,1
149.705,1,0,0,1
149.805,0,0,0,1
149.905,0,0,0,1
150.005,0,0,0,1
150.105,0,0,0,0
150.205,1,0,0,1
150.305,0,0,0,1
150.405,1,0,0,1
150.505,1,0,0,1
150.605,1,0,0,1
150.705,0,0,0,0
150.805,1,0,0,1
150.905,1,0,0,1
151.005,1,0,0,1
151.105,1,0,0,0
151.205,0,0,0,1
151.305,1,0,0,1
151.405,1,0,0,1
151.505,1,0,0,0
151.605,1,0,0,1
151.705,1,0,0,1
151.805,0,0,0,1
151.905,1,0,0,0
152.005,0,0,0,1
152.105,1,0,0,1
152.205,1,0,0,1
152.305,1,0,0,0
152.405,1,0,0,1
152.505,1,0,0,1
152.605,0,0,0,1
152.705,1,0,0,0
152.805,1,0,0,1
152.905,1,0,0,0
153.005,1,0,0,0
153.105,1,0,0,1
153.205,1,0,0,0
153.305,1,0,0,1
153.405,1,0,0,1
153.505,1,0,0,1
153.605,1,0,0,1
153.705,1,0,0,1
153.805,1,0,0,1
153.905,1,0,0,1
154.005,1,0,0,1
154.105,0,0,0,0
154.205,1,0,0,0
154.305,1,0,0,1
154.405,1,0,0,1
154.505,1,0,0,1
154.605,1,0,0,0
154.705,1,0,0,0
154.805,0,0,0,1
154.905,1,0,0,1
155.005,1,0,0,1
155.105,0,0,0,1
155.205,0,0,0,1
155.305,1,0,0,1
155.405,1,0,0,1
155.505,0,0,0,1
155.605,0,0,0,1
155.705,1,0,0,1
155.805,1,0,0,1
155.905,1,0,0,1
156.005,0,0,0,1
156.105,0,0,0,1
156.205,1,0,0,1
156.305,1,0,0,1
156.405,1,0,0,1
156.505,1,0,0,1
156.605,0,0,0,1
156.705,0,0,0,1
156.805,0,0,0,1
156.905,1,0,0,1
157.005,0,0,0,1
157.105,1,0,0,1
157.205,0,0,0,1
157.305,1,0,0,0
157.405,1,0,0,1
157.505,1,0,0,1
157.605,0,0,0,1
157.705,1,0,0,1
157.805,0,0,0,1
157.905,1,0,0,1
158.005,0,0,0,0
158.105,1,0,0,1
158.205,0,0,0,1
158.305,1,0,0,1
158.405,0,0,0,1
158.505,1,0,0,1
158.605,0,0,0,1
158.705,1,0,0,1
158.805,1,0,0,1
158.905,1,0,0,1
159.005,0,0,0,1
159.105,1,0,0,1
159.205,0,0,0,1
159.305,1,0,0,1
159.405,1,0,0,0
159.505,1,0,0,0
159.605,0,0,0,1
159.705,1,0,0,1
159.805,1,0,0,1
159.905,1,0,0,1
160.005,1,0,0,1
160.105,0,0,0,1
160.205,0,0,0,1
160.305,0,0,0,1
160.405,0,0,0,1
160.505,1,0,0,1
160.605,1,0,0,1
160.705,0,0,0,1
160.805,1,0,0,1
160.905,1,0,0,1
161.005,0,0,0,1
161.105,0,0,0,1
161.205,0,0,0,1
161.305,0,0,0,1
161.405,0,0,0,1
161.505,0,0,0,1
161.605,1,0,0,1
161.705,1,0,0,1
161.805,1,0,0,1
161.905,1,0,0,1
162.005,1,0,0,1
162.105,1,0,0,1
162.205,0,0,0,1
162.305,1,0,0,1
162.405,1,0,0,1
162.505,1,0,0,1
162.605,1,0,0,0
162.705,0,0,0,0
162.805,0,0,0,0
162.905,1,0,0,0
163.005,1,0,0,1
163.105,0,0,0,1
163.205,1,0,0,1
163.305,1,0,0,0
163.405,1,0,0,1
163.505,1,0,0,1
163.605,0,0,0,1
163.705,1,0,0,0
163.805,1,0,0,1
163.905,0,0,0,0
164.005,0,0,0,1
164.105,0,0,0,1
164.205,0,0,0,1
164.305,0,0,0,1
164.405,1,0,0,0
164.505,1,0,0,1
164.605,1,0,0,1
164.705,1,0,0,0
164.805,0,0,0,1
164.905,1,0,0,1
165.005,0,0,0,1
165.105,1,0,0,1
165.205,0,0,0,1
165.305,0,0,0,1
165.405,0,0,0,1
165.505,0,0,0,1
165.605,1,0,0,1
165.705,1,0,0,0
165.805,1,0,0,1
165.905,1,0,0,1
166.005,1,0,0,1
166.105,1,0,0,1
166.205,1,0,0,1
166.305,0,0,0,1
166.405,1,0,0,1
166.505,0,0,0,1
166.605,1,0,0,1
166.705,1,0,0,1
166.805,1,0,0,1
166.905,0,0,0,1
167.005,0,0,0,1
167.105,1,0,0,1
167.205,1,0,0,1
167.305,1,0,0,1
167.405,0,0,0,1
167.505,1,0,0,1
167.605,1,0,0,1
167.705,0,0,0,1
167.805,1,0,0,1
167.905,0,0,0,0
168.005,1,0,0,1
168.105,1,0,0,1
168.205,1,0,0,1
168.305,1,0,0,1
168.405,1,0,0,1
168.505,1,0,0,1
168.605,1,0,0,0
168.705,1,0,0,1
168.805,0,0,0,0
168.905,1,0,0,1
169.005,1,0,0,1
169.105,1,0,0,1
169.205,1,0,0,0
169.305,0,0,0,1
169.405,0,0,0,1
169.505,1,0,0,1
169.605,1,0,0,1
169.705,1,0,0,1
169.805,1,0,0,1
169.905,0,0,0,1
170.005,1,0,0,1
170.105,0,0,0,0
170.205,1,0,0,0
170.305,1,0,0,1
170.405,1,0,0,1
170.505,1,0,0,1
170.605,1,0,0,1
170.705,1,0,0,1
170.805,1,0,0,1
170.905,1,0,0,1
171.005,1,0,0,1
171.105,1,0,0,0
171.205,0,0,0,1
171.305,1,0,0,1
171.405,1,0,0,1
171.505,1,0,0,1
171.605,1,0,0,1
171.705,1,0,0,1
171.805,1,0,0,1
171.905,1,0,0,1
172.005,0,0,0,1
172.105,1,0,0,1
172.205,0,0,0,1
172.305,1,0,0,1
172.405,1,0,0,1
172.505,1,0,0,1
172.605,1,0,0,0
172.705,0,0,0,1
172.805,1,0,0,1
172.905,1,0,0,1
173.005,1,0,0,1
173.105,1,0,0,1
173.205,1,0,0,1
173.305,0,0,0,0
173.405,1,0,0,1
173.505,1,0,0,1
173.605,1,0,0,0
173.705,0,0,0,1
173.805,1,0,0,1
173.905,1,0,0,1
174.005,1,0,0,1
174.105,1,0,0,0
174.205,0,0,0,1
174.305,1,0,0,1
174.405,1,0,0,1
174.505,1,0,0,1
174.605,1,0,0,1
174.705,1,0,0,1
174.805,1,0,0,1
174.905,1,0,0,1
175.005,1,0,0,1
175.105,1,0,0,1
175.205,1,0,0,1
175.305,0,0,0,1
175.405,1,0,0,0
175.505,1,0,0,1
175.605,1,0,0,1
175.705,0,0,0,1
175.805,0,0,0,1
175.905,1,0,0,1
176.005,0,0,0,1
176.105,0,0,0,1
176.205,1,0,0,1
176.305,1,0,0,1
176.405,1,0,0,1
176.505,0,0,0,0
176.605,0,0,0,1
176.705,1,0,0,0
176.805,1,0,0,1
176.905,1,0,0,1
177.005,0,0,0,1
177.105,1,0,0,0
177.205,1,0,0,1
177.305,0,0,0,1
177.405,1,0,0,0
177.505,1,0,0,1
177.605,1,0,0,1
177.705,1,0,0,1
177.805,0,0,0,1
177.905,0,0,0,0
178.005,1,0,0,1
178.105,1,0,0,1
178.205,0,0,0,1
178.305,1,0,0,1
178.405,1,0,0,1
178.505,1,0,0,0
178.605,1,0,0,1
178.705,0,0,0,1
178.805,0,0,0,1
178.905,1,0,0,1
179.005,1,0,0,1
179.105,0,0,0,1
179.205,1,0,0,1
179.305,1,0,0,1
179.405,0,0,0,0
179.505,1,0,0,1
179.605,0,0,0,1
179.705,1,0,0,0
179.805,1,0,0,1
179.905,1,0,0,0
180.005,0,0,0,1
180.105,0,0,0,1
180.205,1,0,0,1
180.305,1,0,0,1
180.405,1,0,0,1
180.505,1,0,0,1
180.605,1,0,0,1
180.705,1,0,0,1
180.805,0,0,0,1
180.905,0,0,0,1
181.005,1,0,0,1
181.105,1,0,0,1
181.205,1,0,0,1
181.305,1,0,0,1
181.405,1,0,0,1
181.505,1,0,0,1
181.605,0,0,0,1
181.705,1,0,0,1
181.805,0,0,0,1
181.905,1,0,0,1
182.005,1,0,0,1
182.105,1,0,0,0
182.205,0,0,0,1
182.305,0,0,0,0
182.405,1,0,0,1
182.505,1,0,0,1
182.605,1,0,0,1
182.705,0,0,0,0
182.805,1,0,0,1
182.905,1,0,0,1
183.005,1,0,0,1
183.105,1,0,0,1
183.205,1,0,0,1
183.305,1,0,0,1
183.405,1,0,0,0
183.505,1,0,0,0
183.605,1,0,0,1
183.705,0,0,0,0
183.805,1,0,0,1
183.905,1,0,0,1
184.005,1,0,0,1
184.105,1,0,0,1
184.205,0,0,0,1
184.305,1,0,0,0
184.405,1,0,0,1
184.505,1,0,0,1
184.605,0,0,0,1
184.705,0,0,0,0
184.805,0,0,0,1
184.905,1,0,0,1
185.005,1,0,0,1
185.105,1,0,0,1
185.205,0,0,0,1
185.305,0,0,0,1
185.405,0,0,0,1
185.505,1,0,0,1
185.605,1,0,0,1
185.705,0,0,0,1
185.805,1,0,0,1
185.905,1,0,0,1
186.005,1,0,0,0
186.105,1,0,0,1
186.205,0,0,0,0
186.305,1,0,0,1
186.405,1,0,0,1
186.505,1,0,0,1
186.605,1,0,0,1
186.705,1,0,0,1
186.805,1,0,0,1
186.905,1,0,0,1
187.005,1,0,0,1
187.105,1,0,0,1
187.205,1,0,0,1
187.305,1,0,0,1
187.405,0,0,0,1
187.505,1,0,0,1
187.605,1,0,0,1
187.705,0,0,0,1
187.805,0,0,0,1
187.905,1,0,0,1
188.005,1,0,0,1
188.105,0,0,0,1
188.205,1,0,0,1
188.305,1,0,0,1
188.405,0,0,0,1
188.505,1,0,0,0
188.605,1,0,0,1
188.705,1,0,0,1
188.805,1,0,0,1
188.905,0,0,0,1
189.005,1,0,0,1
189.105,1,0,0,1
189.205,1,0,0,1
189.305,1,0,0,1
189.405,0,0,0,1
189.505,1,0,0,1
189.605,0,0,0,1
189.705,1,0,0,0
189.805,1,0,0,0
189.905,1,0,0,1
190.005,1,0,0,1
190.105,0,0,0,1
190.205,1,0,0,1
190.305,1,0,0,1
190.405,1,0,0,1
190.505,1,0,0,1
190.605,1,0,0,0
190.705,1,0,0,0
190.805,1,0,0,0
190.905,1,0,0,1
191.005,1,0,0,1
191.105,1,0,0,1
191.205,0,0,0,1
191.305,1,0,0,0
191.405,1,0,0,1
191.505,1,0,0,1
191.605,1,0,0,1
191.705,1,0,0,0
191.805,1,0,0,0
191.905,0,0,0,1
192.005,1,0,0,0
192.105,1,0,0,0
192.205,1,0,0,1
192.305,1,0,0,1
192.405,1,0,0,0
192.505,0,0,0,1
192.605,0,0,0,1
192.705,1,0,0,0
192.805,1,0,0,1
192.905,1,0,0,1
193.005,1,0,0,1
193.105,1,0,0,0
193.205,1,0,0,1
193.305,1,0,0,1
193.405,1,0,0,0
193.505,1,0,0,1
193.605,1,0,0,1
193.705,1,0,0,1
193.805,1,0,0,1
193.905,1,0,0,1
194.005,1,0,0,1
194.105,1,0,0,1
194.205,0,0,0,0
194.305,0,0,0,1
194.405,0,0,0,1
194.505,1,0,0,1
194.605,1,0,0,1
194.705,0,0,0,1
194.805,1,0,0,1
194.905,1,0,0,1
195.005,0,0,0,1
195.105,0,0,0,1
195.205,1,0,0,0
195.305,1,0,0,1
195.405,1,0,0,1
195.505,1,0,0,1
195.605,0,0,0,1
195.705,0,0,0,1
195.805,1,0,0,1
195.905,0,0,0,0
196.005,1,0,0,1
196.105,1,0,0,1
196.205,1,0,0,1
196.305,1,0,0,0
196.405,1,0,0,0
196.505,1,0,0,1
196.605,1,0,0,1
196.705,1,0,0,0
196.805,1,0,0,1
196.905,1,0,0,1
197.005,1,0,0,1
197.105,1,0,0,1
197.205,1,0,0,1
197.305,0,0,0,1
197.405,1,0,0,1
197.505,1,0,0,0
197.605,0,0,0,1
197.705,1,0,0,1
197.805,0,0,0,1
197.905,1,0,0,1
198.005,1,0,0,1
198.105,0,0,0,1
198.205,1,0,0,1
198.305,1,0,0,1
198.405,1,0,0,1
198.505,0,0,0,1
198.605,0,0,0,1
198.705,1,0,0,1
198.805,0,0,0,1
198.905,1,0,0,1
199.005,1,0,0,1
199.105,1,0,0,1
199.205,1,0,0,1
199.305,1,0,0,1
199.405,1,0,0,1
199.505,1,0,0,1
199.605,1,0,0,1
199.705,1,0,0,1
199.805,0,0,0,1
199.905,1,0,0,1
200.005,0,0,0,1
200.105,1,0,0,1
200.205,1,0,0,1
200.305,0,0,0,1
200.405,0,0,0,1
200.505,1,0,0,0
200.605,1,0,0,0
200.705,1,0,0,1
200.805,0,0,0,1
200.905,0,0,0,1
201.005,0,0,0,1
201.105,1,0,0,1
201.205,0,0,0,0
201.305,1,0,0,1
201.405,1,0,0,1
201.505,1,0,0,1
201.605,0,0,0,1
201.705,1,0,0,1
201.805,0,0,0,1
201.905,1,0,0,0
202.005,1,0,0,1
202.105,1,0,0,0
202.205,1,0,0,1
202.305,1,0,0,1
202.405,0,0,0,1
202.505,1,0,0,1
202.605,0,0,0,1
202.705,0,0,0,1
202.805,1,0,0,0
202.905,0,0,0,1
203.005,0,0,0,1
203.105,0,0,0,1
203.205,1,0,0,1
203.305,1,0,0,1
203.405,0,0,0,1
203.505,1,0,0,1
203.605,0,0,0,0
203.705,1,0,0,0
203.805,1,0,0,1
203.905,0,0,0,1
204.005,1,0,0,1
204.105,0,0,0,1
204.205,0,0,0,1
204.305,1,0,0,1
204.405,0,0,0,0
204.505,1,0,0,1
204.605,1,0,0,1
204.705,0,0,0,1
204.805,1,0,0,1
204.905,1,0,0,0
205.005,1,0,0,1
205.105,1,0,0,1
205.205,1,0,0,1
205.305,1,0,0,1
205.405,0,0,0,0
205.505,1,0,0,0
205.605,0,0,0,1
205.705,1,0,0,0
205.805,0,0,0,1
205.905,0,0,0,1
206.005,1,0,0,0
206.105,1,0,0,0
206.205,1,0,0,1
206.305,1,0,0,1
206.405,1,0,0,0
206.505,0,0,0,1
206.605,1,0,0,0
206.705,1,0,0,0
206.805,1,0,0,1
206.905,1,0,0,1
207.005,1,0,0,1
207.105,0,0,0,1
207.205,1,0,0,1
207.305,1,0,0,1
207.405,1,0,0,1
207.505,1,0,0,0
207.605,1,0,0,1
207.705,1,0,0,1
207.805,1,0,0,1
207.905,1,0,0,1
208.005,0,0,0,1
208.105,1,0,0,0
208.205,0,0,0,0
208.305,0,0,0,0
208.405,0,0,0,1
208.505,1,0,0,1
208.605,0,0,0,1
208.705,0,0,0,0
208.805,0,0,0,1
208.905,0,0,0,1
209.005,1,0,0,1
209.105,0,0,0,1
209.205,0,0,0,1
209.305,1,0,0,1
209.405,1,0,0,1
209.505,1,0,0,1
209.605,0,0,0,0
209.705,1,0,0,0
209.805,0,0,0,1
209.905,1,0,0,1
210.005,1,0,0,1
210.105,0,0,0,0
210.205,0,0,0,1
210.305,0,0,0,1
210.405,1,0,0,1
210.505,0,0,0,1
210.605,0,0,0,1
210.705,1,0,0,1
210.805,1,0,0,1
210.905,0,0,0,1
211.005,1,0,0,1
211.105,0,0,0,1
211.205,1,0,0,1
211.305,1,0,0,1
211.405,1,0,0,1
211.505,1,0,0,1
211.605,1,0,0,1
211.705,1,0,0,1
211.805,1,0,0,0
211.905,1,0,0,0
212.005,1,0,0,1
212.105,0,0,0,1
212.205,0,0,0,1
212.305,1,0,0,1
212.405,1,0,0,1
212.505,0,0,0,1
212.605,1,0,0,1
212.705,0,0,0,0
212.805,0,0,0,1
212.905,0,0,0,1
213.005,0,0,0,1
213.105,0,0,0,1
213.205,0,0,0,1
213.305,0,0,0,1
213.405,1,0,0,1
213.505,1,0,0,1
213.605,0,0,0,1
213.705,0,0,0,1
213.805,0,0,0,1
213.905,0,0,0,1
214.005,0,0,0,1
214.105,1,0,0,1
214.205,0,0,0,0
214.305,0,0,0,1
214.405,1,0,0,0
214.505,1,0,0,1
214.605,0,0,0,1
214.705,0,0,0,1
214.805,1,0,0,1
214.905,1,0,0,0
215.005,1,0,0,0
215.105,1,0,0,1
215.205,1,0,0,1
215.305,0,0,0,1
215.405,1,0,0,1
215.505,1,0,0,1
215.605,1,0,0,1
215.705,1,0,0,1
215.805,0,0,0,1
215.905,1,0,0,1
216.005,1,0,0,1
216.105,1,0,0,1
216.205,1,0,0,1
216.305,0,0,0,1
216.405,1,0,0,1
216.505,1,0,0,1
216.605,1,0,0,1
216.705,0,0,0,1
216.805,1,0,0,1
216.905,0,0,0,1
217.005,0,0,0,1
217.105,1,0,0,1
217.205,1,0,0,0
217.305,1,0,0,1
217.405,0,0,0,1
217.505,1,0,0,1
217.605,1,0,0,1
217.705,1,0,0,1
217.805,1,0,0,1
217.905,0,0,0,1
218.005,1,0,0,1
218.105,1,0,0,1
218.205,1,0,0,1
218.305,1,0,0,1
218.405,1,0,0,1
218.505,1,0,0,0
218.605,0,0,0,1
218.705,1,0,0,1
218.805,1,0,0,1
218.905,0,0,0,1
219.005,1,0,0,1
219.105,1,0,0,1
219.205,1,0,0,1
219.305,0,0,0,1
219.405,1,0,0,1
219.505,1,0,0,1
219.605,0,0,0,1
219.705,1,0,0,1
219.805,1,0,0,1
219.905,1,0,0,1
220.005,1,0,0,1
220.105,1,0,0,1
220.205,1,0,0,1
220.305,1,0,0,1
220.405,1,0,0,1
220.505,1,0,0,1
220.605,1,0,0,1
220.705,1,0,0,0
220.805,0,0,0,0
220.905,1,0,0,1
221.005,0,0,0,1
221.105,1,0,0,1
221.205,1,0,0,1
221.305,1,0,0,1
221.405,1,0,0,0
221.505,0,0,0,1
221.605,0,0,0,1
221.705,1,0,0,1
221.805,0,0,0,1
221.905,1,0,0,1
222.005,0,0,0,1
222.105,1,0,0,1
222.205,1,0,0,1
222.305,1,0,0,0
222.405,1,0,0,1
222.505,1,0,0,1
222.605,1,0,0,0
222.705,0,0,0,0
222.805,0,0,0,1
222.905,1,0,0,1
223.005,0,0,0,1
223.105,1,0,0,0
223.205,1,0,0,1
223.305,1,0,0,1
223.405,0,0,0,1
223.505,1,0,0,1
223.605,1,0,0,1
223.705,0,0,0,0
223.805,0,0,0,1
223.905,1,0,0,0
224.005,0,0,0,0
224.105,0,0,0,1
224.205,0,0,0,0
224.305,1,0,0,1
224.405,0,0,0,1
224.505,0,0,0,1
224.605,0,0,0,1
224.705,1,0,0,1
224.805,0,0,0,1
224.905,0,0,0,1
225.005,0,0,0,1
225.105,0,0,0,1
225.205,1,0,0,1
225.305,1,0,0,1
225.405,0,0,0,0
225.505,1,0,0,1
225.605,0,0,0,1
225.705,1,0,0,1
225.805,0,0,0,1
225.905,0,0,0,1
226.005,1,0,0,1
226.105,1,0,0,0
226.205,0,0,0,0
226.305,0,0,0,1
226.405,1,0,0,1
226.505,0,0,0,1
226.605,0,0,0,1
226.705,0,0,0,1
226.805,0,0,0,1
226.905,1,0,0,1
227.005,0,0,0,1
227.105,1,0,0,1
227.205,1,0,0,1
227.305,1,0,0,0
227.405,1,0,0,0
227.505,1,0,0,1
227.605,1,0,0,1
227.705,1,0,0,1
227.805,1,0,0,1
227.905,1,0,0,0
228.005,0,0,0,1
228.105,0,0,0,0
228.205,0,0,0,1
228.305,1,0,0,1
228.405,1,0,0,1
228.505,1,0,0,0
228.605,0,0,0,1
228.705,0,0,0,1
228.805,0,0,0,0
228.905,0,0,0,1
229.005,0,0,0,1
229.105,0,0,0,1
229.205,1,0,0,1
229.305,0,0,0,1
229.405,1,0,0,1
229.505,0,0,0,1
229.605,1,0,0,1
229.705,0,0,0,1
229.805,0,0,0,1
229.905,0,0,0,0
230.005,1,0,0,1
230.105,1,0,0,1
230.205,1,0,0,1
230.305,0,0,0,0
230.405,1,0,0,0
230.505,1,0,0,0
230.605,1,0,0,1
230.705,1,0,0,1
230.805,1,0,0,0
230.905,1,0,0,0
231.005,0,0,0,1
231.105,1,0,0,0
231.205,0,0,0,1
231.305,0,0,0,1
231.405,1,0,0,1
231.505,1,0,0,1
231.605,1,0,0,1
231.705,0,0,0,1
231.805,0,0,0,0
231.905,1,0,0,0
232.005,0,0,0,1
232.105,1,0,0,1
232.205,0,0,0,1
232.305,1,0,0,1
232.405,1,0,0,0
232.505,0,0,0,1
232.605,1,0,0,1
232.705,1,0,0,1
232.805,1,0,0,1
232.905,1,0,0,0
233.005,0,0,0,1
233.105,1,0,0,1
233.205,1,0,0,1
233.305,0,0,0,0
233.405,0,0,0,1
233.505,0,0,0,1
233.605,1,0,0,0
233.705,1,0,0,0
233.805,1,0,0,1
233.905,1,0,0,1
234.005,1,0,0,1
234.105,1,0,0,1
234.205,1,0,0,1
234.305,0,0,0,1
234.405,0,0,0,1
234.505,0,0,0,1
234.605,0,0,0,1
234.705,0,0,0,1
234.805,1,0,0,0
234.905,0,0,0,1
235.005,0,0,0,1
235.105,0,0,0,1
235.205,1,0,0,1
235.305,1,0,0,1
235.405,1,0,0,1
235.505,1,0,0,0
235.605,1,0,0,1
235.705,1,0,0,1
235.805,1,0,0,1
235.905,1,0,0,1
236.005,1,0,0,1
236.105,1,0,0,1
236.205,1,0,0,1
236.305,0,0,0,0
236.405,1,0,0,1
236.505,1,0,0,1
236.605,1,0,0,1
236.705,1,0,0,1
236.805,0,0,0,1
236.905,1,0,0,1
237.005,1,0,0,1
237.105,0,0,0,1
237.205,1,0,0,1
237.305,1,0,0,0
237.405,0,0,0,1
237.505,0,0,0,1
237.605,0,0,0,1
237.705,1,0,0,1
237.805,1,0,0,1
237.905,1,0,0,1
238.005,1,0,0,1
238.105,0,0,0,1
238.205,0,0,0,1
238.305,0,0,0,1
238.405,1,0,0,0
238.505,0,0,0,0
238.605,1,0,0,1
238.705,0,0,0,1
238.805,0,0,0,1
238.905,1,0,0,1
239.005,0,0,0,1
239.105,1,0,0,1
239.205,0,0,0,0
239.305,0,0,0,1
239.405,0,0,0,1
239.505,1,0,0,1
239.605,1,0,0,1
239.705,0,0,0,1
239.805,0,0,0,1
239.905,1,0,0,1
240.005,1,0,0,0
240.105,0,0,0,1
240.205,0,0,0,1
240.305,0,0,0,1
240.405,0,0,0,1
240.505,0,0,0,1
240.605,1,0,0,1
240.705,0,0,0,1
240.805,1,0,0,1
240.905,0,0,0,1
241.005,1,0,0,1
241.105,1,0,0,0
241.205,1,0,0,0
241.305,1,0,0,1
241.405,1,0,0,0
241.505,1,0,0,1
241.605,1,0,0,1
241.705,0,0,0,0
241.805,1,0,0,1
241.905,1,0,0,1
242.005,0,0,0,1
242.105,0,0,0,1
242.205,0,0,0,1
242.305,1,0,0,1
242.405,0,0,0,1
242.505,1,0,0,1
242.605,1,0,0,1
242.705,1,0,0,1
242.805,1,0,0,1
242.905,1,0,0,1
243.005,1,0,0,1
243.105,1,0,0,1
243.205,0,0,0,0
243.305,1,0,0,1
243.405,1,0,0,0
243.505,0,0,0,1
243.605,1,0,0,1
243.705,0,0,0,1
243.805,1,0,0,1
243.905,0,0,0,0
244.005,1,0,0,1
244.105,0,0,0,1
244.205,1,0,0,1
244.305,0,0,0,1
244.405,0,0,0,1
244.505,0,0,0,1
244.605,1,0,0,0
244.705,1,0,0,0
244.805,1,0,0,1
244.905,1,0,0,1
245.005,1,0,0,1
245.105,0,0,0,1
245.205,0,0,0,1
245.305,1,0,0,0
245.405,1,0,0,1
245.505,1,0,0,1
245.605,1,0,0,1
245.705,0,0,0,1
245.805,1,0,0,1
245.905,1,0,0,1
246.005,1,0,0,0
246.105,1,0,0,1
246.205,1,0,0,1
246.305,1,0,0,1
246.405,0,0,0,1
246.505,1,0,0,0
246.605,1,0,0,0
246.705,0,0,0,1
246.805,0,0,0,1
246.905,1,0,0,0
247.005,1,0,0,1
247.105,1,0,0,1
247.205,0,0,0,1
247.305,1,0,0,1
247.405,0,0,0,1
247.505,1,0,0,1
247.605,0,0,0,1
247.705,0,0,0,0
247.805,1,0,0,1
247.905,1,0,0,1
248.005,1,0,0,1
248.105,0,0,0,1
248.205,0,0,0,1
248.305,1,0,0,1
248.405,0,0,0,1
248.505,1,0,0,1
248.605,1,0,0,1
248.705,0,0,0,1
248.805,1,0,0,0
248.905,0,0,0,1
249.005,0,0,0,1
249.105,1,0,0,1
249.205,1,0,0,1
249.305,1,0,0,0
249.405,1,0,0,0
249.505,0,0,0,1
249.605,1,0,0,0
249.705,1,0,0,1
249.805,1,0,0,1
249.905,1,0,0,1
250.005,1,0,0,0
250.105,1,0,0,1
250.205,1,0,0,1
250.305,1,0,0,1
250.405,1,0,0,0
250.505,0,0,0,1
250.605,0,0,0,1
250.705,0,0,0,1
250.805,1,0,0,1
250.905,1,0,0,1
251.005,1,0,0,1
251.105,0,0,0,1
251.205,1,0,0,1
251.305,0,0,0,1
251.405,0,0,0,1
251.505,0,0,0,1
251.605,1,0,0,1
251.705,1,0,0,1
251.805,1,0,0,0
251.905,1,0,0,1
252.005,0,0,0,1
252.105,0,0,0,1
252.205,1,0,0,0
252.305,1,0,0,1
252.405,1,0,0,1
252.505,1,0,0,1
252.605,0,0,0,1
252.705,0,0,0,0
252.805,1,0,0,1
252.905,1,0,0,1
253.005,0,0,0,1
253.105,0,0,0,1
253.205,0,0,0,1
253.305,0,0,0,1
253.405,0,0,0,0
253.505,1,0,0,1
253.605,1,0,0,1
253.705,1,0,0,0
253.805,1,0,0,1
253.905,0,0,0,1
254.005,1,0,0,1
254.105,0,0,0,0
254.205,0,0,0,1
254.305,1,0,0,0
254.405,1,0,0,1
254.505,1,0,0,1
254.605,1,0,0,1
254.705,1,0,0,0
254.805,1,0,0,1
254.905,0,0,0,1
255.005,0,0,0,1
255.105,0,0,0,1
255.205,1,0,0,0
255.305,1,0,0,1
255.405,0,0,0,1
255.505,1,0,0,1
255.605,0,0,0,1
255.705,0,0,0,1
255.805,1,0,0,1
255.905,0,0,0,1
256.005,0,0,0,1
256.105,0,0,0,1
256.205,0,0,0,1
256.305,0,0,0,1
256.405,1,0,0,1
256.505,1,0,0,1
256.605,0,0,0,1
256.705,1,0,0,1
256.805,1,0,0,1
256.905,1,0,0,0
257.005,1,0,0,1
257.105,0,0,0,0
257.205,1,0,0,1
257.305,1,0,0,1
257.405,1,0,0,1
257.505,0,0,0,1
257.605,0,0,0,1
257.705,1,0,0,1
257.805,1,0,0,1
257.905,0,0,0,1
258.005,0,0,0,1
258.105,0,0,0,1
258.205,1,0,0,1
258.305,0,0,0,1
258.405,1,0,0,0
258.505,0,0,0,1
258.605,1,0,0,1
258.705,1,0,0,1
258.805,1,0,0,1
258.905,1,0,0,1
259.005,0,0,0,0
259.105,1,0,0,1
259.205,1,0,0,1
259.305,0,0,0,1
259.405,1,0,0,1
259.505,1,0,0,1
259.605,1,0,0,1
259.705,0,0,0,1
259.805,1,0,0,1
259.905,1,0,0,1
260.005,0,0,0,1
260.105,0,0,0,0
260.205,1,0,0,1
260.305,1,0,0,1
260.405,1,0,0,0
260.505,1,0,0,1
260.605,0,0,0,1
260.705,1,0,0,1
260.805,0,0,0,1
260.905,1,0,0,0
261.005,1,0,0,0
261.105,1,0,0,1
261.205,0,0,0,1
261.305,1,0,0,1
261.405,1,0,0,0
261.505,1,0,0,0
261.605,0,0,0,1
261.705,1,0,0,1
261.805,0,0,0,1
261.905,1,0,0,1
262.005,0,0,0,1
262.105,0,0,0,1
262.205,0,0,0,1
262.305,1,0,0,0
262.405,1,0,0,0
262.505,1,0,0,1
262.605,1,0,0,1
262.705,0,0,0,0
262.805,0,0,0,1
262.905,0,0,0,1
263.005,0,0,0,1
263.105,1,0,0,1
263.205,0,0,0,1
263.305,1,0,0,1
263.405,0,0,0,0
263.505,1,0,0,1
263.605,0,0,0,1
263.705,0,0,0,1
263.805,0,0,0,1
263.905,1,0,0,0
264.005,1,0,0,0
264.105,0,0,0,1
264.205,1,0,0,1
264.305,1,0,0,0
264.405,0,0,0,1
264.505,1,0,0,1
264.605,0,0,0,1
264.705,1,0,0,1
264.805,1,0,0,0
264.905,0,0,0,1
265.005,0,0,0,1
265.105,1,0,0,0
265.205,1,0,0,1
265.305,0,0,0,0
265.405,1,0,0,1
265.505,1,0,0,1
265.605,0,0,0,1
265.705,0,0,0,0
265.805,0,0,0,1
265.905,0,0,0,0
266.005,1,0,0,1
266.105,0,0,0,0
266.205,0,0,0,1
266.305,0,0,0,1
266.405,1,0,0,1
266.505,1,0,0,1
266.605,0,0,0,1
266.705,0,0,0,1
266.805,1,0,0,1
266.905,0,0,0,1
267.005,1,0,0,1
267.105,1,0,0,1
267.205,0,0,0,0
267.305,0,0,0,1
267.405,1,0,0,1
267.505,0,0,0,1
267.605,0,0,0,0
267.705,0,0,0,1
267.805,0,0,0,1
267.905,0,0,0,1
268.005,0,0,0,1
268.105,1,0,0,0
268.205,0,0,0,1
268.305,0,0,0,1
268.405,1,0,0,0
268.505,0,0,0,1
268.605,0,0,0,1
268.705,1,0,0,0
268.805,0,0,0,0
268.905,1,0,0,1
269.005,0,0,0,1
269.105,1,0,0,1
269.205,0,0,0,1
269.305,0,0,0,0
269.405,0,0,0,1
269.505,1,0,0,0
269.605,1,0,0,1
269.705,1,0,0,1
269.805,1,0,0,1
269.905,1,0,0,1
270.005,0,0,0,1
270.105,1,0,0,1
270.205,1,0,0,1
270.305,0,0,0,0
270.405,1,0,0,1
270.505,1,0,0,1
270.605,1,0,0,1
270.705,0,0,0,1
270.805,0,0,0,1
270.905,1,0,0,1
271.005,0,0,0,1
271.105,1,0,0,1
271.205,1,0,0,1
271.305,1,0,0,1
271.405,1,0,0,1
271.505,0,0,0,1
271.605,1,0,0,1
271.705,0,0,0,1
271.805,0,0,0,1
271.905,1,0,0,1
272.005,1,0,0,1
272.105,0,0,0,1
272.205,1,0,0,1
272.305,1,0,0,1
272.405,0,0,0,1
272.505,0,0,0,1
272.605,0,0,0,1
272.705,1,0,0,1
272.805,0,0,0,1
272.905,0,0,0,1
273.005,0,0,0,1
273.105,0,0,0,0
273.205,0,0,0,1
273.305,0,0,0,1
273.405,0,0,0,1
273.505,1,0,0,1
273.605,1,0,0,1
273.705,0,0,0,1
273.805,0,0,0,0
273.905,1,0,0,1
274.005,0,0,0,0
274.105,0,0,0,1
274.205,0,0,0,1
274.305,0,0,0,1
274.405,0,0,0,1
274.505,1,0,0,0
274.605,0,0,0,1
274.705,0,0,0,1
274.805,1,0,0,1
274.905,0,0,0,1
275.005,1,0,0,1
275.105,1,0,0,1
275.205,1,0,0,1
275.305,0,0,0,1
275.405,1,0,0,1
275.505,1,0,0,1
275.605,0,0,0,1
275.705,0,0,0,0
275.805,1,0,0,1
275.905,1,0,0,1
276.005,1,0,0,1
276.105,0,0,0,1
276.205,0,0,0,1
276.305,1,0,0,0
276.405,1,0,0,0
276.505,1,0,0,1
276.605,0,0,0,0
276.705,1,0,0,1
276.805,1,0,0,1
276.905,1,0,0,1
277.005,1,0,0,1
277.105,1,0,0,0
277.205,0,0,0,1
277.305,1,0,0,1
277.405,0,0,0,1
277.505,0,0,0,1
277.605,1,0,0,1
277.705,1,0,0,1
277.805,1,0,0,1
277.905,1,0,0,1
278.005,0,0,0,1
278.105,0,0,0,0
278.205,0,0,0,0
278.305,1,0,0,1
278.405,0,0,0,1
278.505,0,0,0,1
278.605,1,0,0,1
278.705,0,0,0,1
278.805,0,0,0,1
278.905,0,0,0,0
279.005,0,0,0,1
279.105,1,0,0,1
279.205,1,0,0,1
279.305,0,0,0,1
279.405,1,0,0,1
279.505,1,0,0,1
279.605,1,0,0,1
279.705,1,0,0,1
279.805,0,0,0,0
279.905,1,0,0,1
280.005,0,0,0,1
280.105,0,0,0,1
280.205,1,0,0,1
280.305,0,0,0,0
280.405,0,0,0,1
280.505,1,0,0,1
280.605,0,0,0,1
280.705,0,0,0,1
280.805,1,0,0,0
280.905,1,0,0,1
281.005,1,0,0,1
281.105,0,0,0,0
281.205,1,0,0,1
281.305,1,0,0,0
281.405,1,0,0,1
281.505,1,0,0,1
281.605,1,0,0,1
281.705,1,0,0,1
281.805,0,0,0,1
281.905,0,0,0,1
282.005,1,0,0,1
282.105,0,0,0,1
282.205,1,0,0,1
282.305,0,0,0,0
282.405,0,0,0,1
282.505,1,0,0,1
282.605,0,0,0,0
282.705,0,0,0,1
282.805,0,0,0,1
282.905,0,0,0,0
283.005,1,0,0,1
283.105,0,0,0,1
283.205,1,0,0,1
283.305,0,0,0,1
283.405,0,0,0,1
283.505,0,0,0,1
283.605,1,0,0,0
283.705,1,0,0,1
283.805,1,0,0,1
283.905,0,0,0,1
284.005,0,0,0,0
284.105,0,0,0,1
284.205,0,0,0,1
284.305,1,0,0,1
284.405,0,0,0,1
284.505,0,0,0,1
284.605,0,0,0,1
284.705,1,0,0,1
284.805,1,0,0,1
284.905,1,0,0,1
285.005,0,0,0,1
285.105,0,0,0,1
285.205,0,0,0,1
285.305,1,0,0,1
285.405,1,0,0,1
285.505,0,0,0,1
285.605,1,0,0,1
285.705,0,0,0,1
285.805,0,0,0,1
285.905,0,0,0,1
286.005,0,0,0,0
286.105,0,0,0,1
286.205,0,0,0,1
286.305,1,0,0,1
286.405,1,0,0,0
286.505,1,0,0,1
286.605,1,0,0,1
286.705,1,0,0,1
286.805,0,0,0,1
286.905,0,0,0,1
287.005,0,0,0,0
287.105,0,0,0,0
287.205,1,0,0,0
287.305,0,0,0,0
287.405,0,0,0,0
287.505,0,0,0,0
287.605,0,0,0,0
287.705,1,0,0,0
287.805,0,0,0,0
287.905,0,0,0,0
288.005,0,0,0,0
288.105,1,0,0,0
288.205,0,0,0,0
288.305,0,0,0,0
288.405,1,0,0,1
288.505,0,0,0,0
288.605,1,0,0,1
288.705,1,0,0,1
288.805,1,0,0,1
288.905,1,0,0,1
289.005,1,0,0,1
289.105,0,0,0,1
289.205,1,0,0,1
289.305,1,0,0,1
289.405,1,0,0,1
289.505,0,0,0,1
289.605,1,0,0,1
289.705,1,0,0,1
289.805,1,0,0,1
289.905,1,0,0,1
290.005,1,0,0,1
290.105,0,0,0,1
290.205,1,0,0,1
290.305,1,0,0,1
290.405,1,0,0,1
290.505,0,0,0,1
290.605,1,0,0,1
290.705,1,0,0,1
290.805,0,0,0,1
290.905,0,0,0,1
291.005,0,0,0,1
291.105,1,0,0,1
291.205,1,0,0,1
291.305,1,0,0,1
291.405,0,0,0,1
291.505,0,0,0,1
291.605,1,0,0,1
291.705,1,0,0,1
291.805,1,0,0,1
291.905,1,0,0,1
292.005,1,0,0,1
292.105,0,0,0,1
292.205,1,0,0,1
292.305,1,0,0,1
292.405,1,0,0,1
292.505,0,0,0,1
292.605,1,0,0,1
292.705,1,0,0,1
292.805,1,0,0,1
292.905,1,0,0,1
293.005,1,0,0,1
293.105,0,0,0,1
293.205,1,0,0,1
293.305,0,0,0,1
293.405,1,0,0,1
293.505,1,0,0,0
293.605,0,0,0,1
293.705,1,0,0,1
293.805,1,0,0,1
293.905,0,0,0,1
294.005,0,0,0,1
294.105,1,0,0,1
294.205,0,0,0,1
294.305,1,0,0,1
294.405,1,0,0,1
294.505,0,0,0,1
294.605,0,0,0,1
294.705,1,0,0,1
294.805,1,0,0,1
294.905,1,0,0,1
295.005,1,0,0,1
295.105,1,0,0,1
295.205,1,0,0,1
295.305,1,0,0,1
295.405,0,0,0,1
295.505,1,0,0,0
295.605,1,0,0,0
295.705,1,0,0,1
295.805,1,0,0,1
295.905,1,0,0,0
296.005,1,0,0,1
296.105,0,0,0,1
296.205,1,0,0,1
296.305,0,0,0,1
296.405,1,0,0,1
296.505,1,0,0,1
296.605,1,0,0,1
296.705,0,0,0,1
296.805,1,0,0,1
296.905,1,0,0,0
297.005,1,0,0,0
297.105,1,0,0,1
297.205,0,0,0,1
297.305,0,0,0,1
297.405,1,0,0,1
297.505,0,0,0,1
297.605,1,0,0,1
297.705,1,0,0,0
297.805,1,0,0,1
297.905,1,0,0,1
298.005,1,0,0,0
298.105,0,0,0,1
298.205,1,0,0,1
298.305,1,0,0,1
298.405,1,0,0,1
298.505,1,0,0,1
298.605,1,0,0,1
298.705,1,0,0,1
298.805,0,0,0,1
298.905,1,0,0,1
299.005,1,0,0,1
299.105,1,0,0,1
299.205,1,0,0,1
299.305,1,0,0,1
299.405,0,0,0,1
299.505,1,0,0,1
299.605,1,0,0,0
299.705,1,0,0,1
299.805,1,0,0,1
299.905,1,0,0,1
300.005,1,0,0,1
300.105,1,0,0,1
300.205,1,0,0,1
300.305,1,0,0,1
300.405,0,0,0,1
300.505,0,0,0,1
300.605,0,0,0,1
300.705,1,0,0,1
300.805,1,0,0,1
300.905,0,0,0,1
301.005,0,0,0,1
301.105,0,0,0,1
301.205,0,0,0,1
301.305,1,0,0,1
301.405,0,0,0,1
301.505,1,0,0,1
301.605,0,0,0,1
301.705,1,0,0,1
301.805,1,0,0,1
301.905,0,0,0,1
302.005,1,0,0,1
302.105,0,0,0,0
302.205,0,0,0,1
302.305,1,0,0,1
302.405,1,0,0,1
302.505,0,0,0,1
302.605,1,0,0,1
302.705,0,0,0,1
302.805,0,0,0,1
302.905,0,0,0,1
303.005,1,0,0,1
303.105,0,0,0,0
303.205,1,0,0,1
303.305,1,0,0,1
303.405,0,0,0,1
303.505,0,0,0,1
303.605,1,0,0,1
303.705,1,0,0,1
303.805,0,0,0,1
303.905,1,0,0,1
304.005,1,0,0,1
304.105,1,0,0,1
304.205,0,0,0,1
304.305,1,0,0,1
304.405,0,0,0,1
304.505,1,0,0,1
304.605,1,0,0,1
304.705,0,0,0,1
304.805,0,0,0,1
304.905,1,0,0,1
305.005,1,0,0,1
305.105,0,0,0,1
305.205,1,0,0,1
305.305,0,0,0,1
305.405,1,0,0,1
305.505,1,0,0,1
305.605,1,0,0,1
305.705,1,0,0,1
305.805,1,0,0,1
305.905,0,0,0,0
306.005,1,0,0,1
306.105,1,0,0,1
306.205,1,0,0,0
306.305,0,0,0,0
306.405,0,0,0,1
306.505,1,0,0,0
306.605,0,0,0,0
306.705,1,0,0,1
306.805,0,0,0,1
306.905,1,0,0,0
307.005,0,0,0,0
307.105,0,0,0,1
307.205,1,0,0,1
307.305,0,0,0,1
307.405,1,0,0,1
307.505,1,0,0,1
307.605,0,0,0,0
307.705,1,0,0,1
307.805,1,0,0,1
307.905,1,0,0,1
308.005,1,0,0,1
308.105,1,0,0,1
308.205,0,0,0,1
308.305,1,0,0,1
308.405,1,0,0,0
308.505,1,0,0,0
308.605,1,0,0,1
308.705,0,0,0,0
308.805,1,0,0,1
308.905,1,0,0,1
309.005,0,0,0,1
309.105,1,0,0,1
309.205,1,0,0,1
309.305,1,0,0,1
309.405,1,0,0,1
309.505,1,0,0,0
309.605,0,0,0,1
309.705,1,0,0,0
309.805,1,0,0,1
309.905,1,0,0,1
310.005,0,0,0,1
310.105,1,0,0,1
310.205,1,0,0,1
310.305,0,0,0,0
310.405,1,0,0,1
310.505,1,0,0,1
310.605,1,0,0,1
310.705,0,0,0,0
310.805,1,0,0,1
310.905,1,0,0,1
311.005,1,0,0,0
311.105,0,0,0,1
311.205,1,0,0,1
311.305,1,0,0,1
311.405,1,0,0,1
311.505,1,0,0,1
311.605,1,0,0,1
311.705,1,0,0,0
311.805,1,0,0,0
311.905,1,0,0,1
312.005,1,0,0,1
312.105,1,0,0,1
312.205,0,0,0,1
312.305,1,0,0,1
312.405,1,0,0,1
312.505,1,0,0,1
312.605,0,0,0,1
312.705,0,0,0,1
312.805,1,0,0,1
312.905,1,0,0,1
313.005,1,0,0,1
313.105,1,0,0,1
313.205,0,0,0,1
313.305,1,0,0,1
313.405,1,0,0,1
313.505,0,0,0,1
313.605,1,0,0,1
313.705,0,0,0,0
313.805,1,0,0,1
313.905,0,0,0,1
314.005,1,0,0,1
314.105,0,0,0,1
314.205,1,0,0,0
314.305,0,0,0,1
314.405,1,0,0,1
314.505,0,0,0,1
314.605,1,0,0,1
314.705,0,0,0,1
314.805,1,0,0,1
314.905,1,0,0,1
315.005,1,0,0,0
315.105,1,0,0,1
315.205,1,0,0,1
315.305,1,0,0,1
315.405,0,0,0,1
315.505,1,0,0,1
315.605,0,0,0,1
315.705,1,0,0,0
315.805,1,0,0,1
315.905,0,0,0,1
316.005,0,0,0,1
316.105,0,0,0,1
316.205,1,0,0,1
316.305,1,0,0,1
316.405,1,0,0,0
316.505,1,0,0,1
316.605,1,0,0,1
316.705,0,0,0,1
316.805,1,0,0,1
316.905,1,0,0,0
317.005,1,0,0,1
317.105,1,0,0,1
317.205,1,0,0,1
317.305,1,0,0,1
317.405,0,0,0,1
317.505,0,0,0,1
317.605,1,0,0,1
317.705,0,0,0,1
317.805,1,0,0,1
317.905,1,0,0,1
318.005,0,0,0,1
318.105,1,0,0,1
318.205,1,0,0,0
318.305,1,0,0,0
318.405,0,0,0,1
318.505,0,0,0,1
318.605,0,0,0,1
318.705,0,0,0,1
318.805,0,0,0,1
318.905,1,0,0,0
319.005,1,0,0,1
319.105,1,0,0,1
319.205,0,0,0,1
319.305,1,0,0,0
319.405,1,0,0,1
319.505,1,0,0,1
319.605,0,0,0,1
319.705,0,0,0,1
319.805,0,0,0,1
319.905,0,0,0,1
320.005,1,0,0,0
320.105,1,0,0,1
320.205,1,0,0,1
320.305,1,0,0,1
320.405,0,0,0,1
320.505,1,0,0,1
320.605,1,0,0,1
320.705,1,0,0,1
320.805,1,0,0,1
320.905,0,0,0,1
321.005,0,0,0,1
321.105,1,0,0,1
321.205,0,0,0,1
321.305,0,0,0,1
321.405,1,0,0,1
321.505,1,0,0,1
321.605,1,0,0,1
321.705,0,0,0,1
321.805,1,0,0,1
321.905,1,0,0,1
322.005,1,0,0,1
322.105,0,0,0,1
322.205,0,0,0,1
322.305,0,0,0,1
322.405,1,0,0,0
322.505,1,0,0,1
322.605,0,0,0,1
322.705,1,0,0,1
322.805,1,0,0,1
322.905,0,0,0,1
323.005,1,0,0,1
323.105,0,0,0,1
323.205,0,0,0,1
323.305,1,0,0,1
323.405,0,0,0,1
323.505,1,0,0,1
323.605,0,0,0,1
323.705,1,0,0,1
323.805,0,0,0,1
323.905,0,0,0,1
324.005,1,0,0,1
324.105,1,0,0,0
324.205,1,0,0,1
324.305,1,0,0,1
324.405,0,0,0,1
324.505,0,0,0,1
324.605,0,0,0,1
324.705,0,0,0,1
324.805,1,0,0,1
324.905,0,0,0,0
325.005,0,0,0,1
325.105,0,0,0,1
325.205,1,0,0,0
325.305,1,0,0,1
325.405,0,0,0,1
325.505,0,0,0,1
325.605,1,0,0,1
325.705,1,0,0,1
325.805,1,0,0,1
325.905,1,0,0,1
326.005,0,0,0,1
326.105,1,0,0,1
326.205,0,0,0,1
326.305,0,0,0,1
326.405,0,0,0,1
326.505,0,0,0,1
326.605,0,0,0,1
326.705,0,0,0,1
326.805,0,0,0,0
326.905,1,0,0,1
327.005,1,0,0,1
327.105,1,0,0,1
327.205,1,0,0,1
327.305,1,0,0,1
327.405,1,0,0,1
327.505,0,0,0,1
327.605,1,0,0,1
327.705,1,0,0,1
327.805,0,0,0,0
327.905,0,0,0,1
328.005,0,0,0,1
328.105,1,0,0,0
328.205,0,0,0,1
328.305,1,0,0,1
328.405,1,0,0,0
328.505,1,0,0,1
328.605,0,0,0,0
328.705,1,0,0,1
328.805,0,0,0,1
328.905,1,0,0,1
329.005,1,0,0,1
329.105,1,0,0,1
329.205,0,0,0,1
329.305,1,0,0,1
329.405,1,0,0,1
329.505,1,0,0,1
329.605,1,0,0,1
329.705,1,0,0,1
329.805,1,0,0,1
329.905,0,0,0,0
330.005,1,0,0,1
330.105,0,0,0,1
330.205,1,0,0,1
330.305,1,0,0,1
330.405,1,0,0,1
330.505,1,0,0,1
330.605,1,0,0,1
330.705,0,0,0,1
330.805,1,0,0,0
330.905,0,0,0,0
331.005,1,0,0,1
331.105,1,0,0,1
331.205,1,0,0,1
331.305,1,0,0,0
331.405,1,0,0,0
331.505,1,0,0,1
331.605,1,0,0,1
331.705,1,0,0,1
331.805,1,0,0,1
331.905,1,0,0,1
332.005,1,0,0,1
332.105,0,0,0,1
332.205,0,0,0,1
332.305,1,0,0,1
332.405,1,0,0,1
332.505,1,0,0,1
332.605,1,0,0,1
332.705,1,0,0,1
332.805,1,0,0,1
332.905,0,0,0,1
333.005,1,0,0,1
333.105,1,0,0,1
333.205,1,0,0,1
333.305,1,0,0,1
333.405,1,0,0,1
333.505,1,0,0,1
333.605,0,0,0,1
333.705,1,0,0,1
333.805,0,0,0,1
333.905,1,0,0,1
334.005,0,0,0,1
334.105,0,0,0,1
334.205,1,0,0,1
334.305,1,0,0,1
334.405,1,0,0,1
334.505,1,0,0,0
334.605,0,0,0,1
334.705,1,0,0,1
334.805,1,0,0,1
334.905,1,0,0,1
335.005,0,0,0,1
335.105,1,0,0,1
335.205,1,0,0,1
335.305,0,0,0,1
335.405,1,0,0,1
335.505,1,0,0,1
335.605,1,0,0,1
335.705,1,0,0,1
335.805,1,0,0,1
335.905,1,0,0,1
336.005,1,0,0,1
336.105,1,0,0,1
336.205,0,0,0,1
336.305,0,0,0,1
336.405,0,0,0,0
336.505,0,0,0,1
336.605,0,0,0,0
336.705,1,0,0,1
336.805,1,0,0,0
336.905,1,0,0,1
337.005,1,0,0,1
337.105,0,0,0,1
337.205,1,0,0,1
337.305,0,0,0,1
337.405,1,0,0,1
337.505,1,0,0,1
337.605,1,0,0,1
337.705,0,0,0,1
337.805,0,0,0,1
337.905,1,0,0,1
338.005,1,0,0,1
338.105,1,0,0,1
338.205,0,0,0,1
338.305,1,0,0,0
338.405,1,0,0,0
338.505,1,0,0,1
338.605,1,0,0,1
338.705,1,0,0,1
338.805,1,0,0,1
338.905,1,0,0,0
339.005,0,0,0,1
339.105,0,0,0,1
339.205,0,0,0,1
339.305,1,0,0,1
339.405,1,0,0,1
339.505,1,0,0,1
339.605,0,0,0,1
339.705,1,0,0,0
339.805,0,0,0,0
339.905,1,0,0,1
340.005,0,0,0,1
340.105,1,0,0,1
340.205,1,0,0,1
340.305,1,0,0,1
340.405,1,0,0,1
340.505,1,0,0,1
340.605,1,0,0,1
340.705,1,0,0,1
340.805,1,0,0,0
340.905,1,0,0,1
341.005,1,0,0,1
341.105,1,0,0,1
341.205,0,0,0,1
341.305,0,0,0,0
341.405,0,0,0,0
341.505,0,0,1,0
341.605,0,0,0,0
341.705,0,0,0,0
341.805,0,0,0,0
341.905,0,0,0,0
342.005,1,0,0,1
342.105,0,0,0,1
342.205,1,0,0,1
342.305,1,0,0,1
342.405,1,0,0,1
342.505,1,0,0,1
342.605,0,0,0,1
342.705,0,0,0,0
342.805,1,0,0,1
342.905,0,0,0,1
343.005,0,0,0,1
343.105,1,0,0,1
343.205,0,0,0,1
343.305,0,0,0,1
343.405,0,0,0,1
343.505,0,0,0,1
343.605,1,0,0,1
343.705,1,0,0,1
343.805,1,0,0,1
343.905,1,0,0,0
344.005,0,0,0,1
344.105,0,0,0,1
344.205,1,0,0,1
344.305,1,0,0,1
344.405,0,0,0,0
344.505,1,0,0,1
344.605,1,0,0,1
344.705,1,0,0,0
344.805,0,0,0,1
344.905,1,0,0,1
345.005,0,0,0,1
345.105,0,0,0,1
345.205,0,0,0,1
345.305,1,0,0,1
345.405,0,0,0,1
345.505,1,0,0,1
345.605,0,0,0,1
345.705,1,0,0,1
345.805,0,0,0,1
345.905,1,0,0,1
346.005,1,0,0,1
346.105,0,0,0,0
346.205,1,0,0,1
346.305,0,0,0,1
346.405,0,0,0,1
346.505,1,0,0,1
346.605,1,0,0,1
346.705,0,0,0,1
346.805,1,0,0,1
346.905,0,0,0,1
347.005,0,0,0,1
347.105,0,0,0,1
347.205,0,0,0,1
347.305,0,0,0,1
347.405,1,0,0,1
347.505,1,0,0,0
347.605,0,0,0,1
347.705,1,0,0,0
347.805,1,0,0,1
347.905,0,0,0,1
348.005,0,0,0,1
348.105,0,0,0,0
348.205,1,0,0,1
348.305,1,0,0,1
348.405,1,0,0,1
348.505,1,0,0,1
348.605,1,0,0,0
348.705,1,0,0,0
348.805,0,0,0,0
348.905,1,0,0,0
349.005,0,0,0,1
349.105,1,0,0,1
349.205,1,0,0,1
349.305,0,0,0,1
349.405,0,0,0,0
349.505,1,0,0,1
349.605,0,0,0,0
349.705,1,0,0,1
349.805,1,0,0,1
349.905,0,0,0,1
350.005,0,0,0,1
350.105,1,0,0,1
350.205,0,0,0,1
350.305,0,0,0,1
350.405,0,0,0,1
350.505,1,0,0,1
350.605,1,0,0,1
350.705,1,0,0,1
350.805,1,0,0,0
350.905,0,0,0,1
351.005,1,0,0,1
351.105,1,0,0,1
351.205,0,0,0,1
351.305,0,0,0,0
351.405,0,0,0,1
351.505,0,0,0,1
351.605,0,0,0,0
351.705,0,0,0,1
351.805,1,0,0,1
351.905,1,0,0,1
352.005,0,0,0,1
352.105,1,0,0,1
352.205,1,0,0,1
352.305,1,0,0,1
352.405,1,0,0,1
352.505,0,0,0,1
352.605,0,0,0,1
352.705,0,0,0,0
352.805,0,0,0,1
352.905,0,0,0,1
353.005,1,0,0,1
353.105,1,0,0,1
353.205,1,0,0,0
353.305,0,0,0,1
353.405,0,0,0,1
353.505,1,0,0,0
353.605,1,0,0,1
353.705,1,0,0,1
353.805,1,0,0,1
353.905,1,0,0,1
354.005,1,0,0,1
354.105,0,0,0,1
354.205,1,0,0,1
354.305,0,0,0,1
354.405,1,0,0,1
354.505,1,0,0,1
354.605,1,0,0,1
354.705,1,0,0,1
354.805,0,0,0,1
354.905,1,0,0,1
355.005,1,0,0,1
355.105,1,0,0,1
355.205,1,0,0,1
355.305,0,0,0,0
355.405,0,0,0,1
355.505,1,0,0,1
355.605,0,0,0,1
355.705,1,0,0,1
355.805,1,0,0,1
355.905,0,0,0,1
356.005,1,0,0,1
356.105,0,0,0,1
356.205,1,0,0,1
356.305,0,0,0,1
356.405,0,0,0,1
356.505,1,0,0,1
356.605,0,0,0,1
356.705,1,0,0,1
356.805,1,0,0,1
356.905,0,0,0,1
357.005,0,0,0,1
357.105,0,0,0,0
357.205,1,0,0,1
357.305,1,0,0,0
357.405,0,0,0,1
357.505,0,0,0,1
357.605,0,0,0,1
357.705,0,0,0,1
357.805,0,0,0,1
357.905,1,0,0,1
358.005,1,0,0,1
358.105,0,0,0,1
358.205,1,0,0,1
358.305,0,0,0,1
358.405,1,0,0,1
358.505,1,0,0,1
358.605,1,0,0,1
358.705,1,0,0,1
358.805,1,0,0,1
358.905,0,0,0,1
359.005,1,0,0,1
359.105,1,0,0,1
359.205,1,0,0,1
359.305,1,0,0,1
359.405,1,0,0,1
359.505,1,0,0,1
359.605,1,0,0,0
359.705,1,0,0,1
359.805,1,0,0,1
359.905,1,0,0,1
360.005,1,0,0,1
360.105,1,0,0,1
360.205,1,0,0,1
360.305,1,0,0,1
360.405,1,0,0,1
360.505,0,0,0,1
360.605,1,0,0,1
360.705,1,0,0,1
360.805,0,0,0,1
360.905,1,0,0,1
361.005,0,0,0,1
361.105,0,0,0,1
361.205,1,0,0,1
361.305,0,0,0,0
361.405,0,0,0,1
361.505,0,0,0,1
361.605,1,0,0,1
361.705,0,0,0,1
361.805,0,0,0,1
361.905,0,0,0,1
362.005,1,0,0,1
362.105,0,0,0,1
362.205,1,0,0,1
362.305,0,0,0,1
362.405,1,0,0,1
362.505,1,0,0,1
362.605,1,0,0,1
362.705,0,0,0,1
362.805,1,0,0,1
362.905,1,0,0,1
363.005,1,0,0,1
363.105,0,0,0,1
363.205,0,0,0,1
363.305,1,0,0,1
363.405,1,0,0,1
363.505,1,0,0,1
363.605,1,0,0,1
363.705,1,0,0,1
363.805,1,0,0,1
363.905,0,0,0,1
364.005,1,0,0,1
364.105,1,0,0,1
364.205,1,0,0,1
364.305,1,0,0,1
364.405,0,0,0,1
364.505,0,0,0,1
364.605,1,0,0,1
364.705,1,0,0,1
364.805,0,0,0,1
364.905,1,0,0,1
365.005,1,0,0,1
365.105,0,0,0,1
365.205,1,0,0,1
365.305,0,0,0,1
365.405,1,0,0,1
365.505,0,0,0,1
365.605,0,0,0,1
365.705,0,0,0,1
365.805,0,0,0,0
365.905,1,0,0,1
366.005,0,0,0,1
366.105,1,0,0,1
366.205,1,0,0,1
366.305,1,0,0,1
366.405,1,0,0,1
366.505,0,0,0,1
366.605,0,0,0,0
366.705,1,0,0,1
366.805,1,0,0,1
366.905,1,0,0,1
367.005,1,0,0,1
367.105,1,0,0,1
367.205,1,0,0,1
367.305,1,0,0,1
367.405,1,0,0,1
367.505,1,0,0,0
367.605,0,0,0,1
367.705,1,0,0,1
367.805,0,0,0,1
367.905,1,0,0,1
368.005,1,0,0,1
368.105,1,0,0,1
368.205,1,0,0,1
368.305,0,0,0,1
368.405,0,0,0,1
368.505,1,0,0,1
368.605,0,0,0,1
368.705,1,0,0,1
368.805,1,0,0,1
368.905,1,0,0,1
369.005,0,0,0,1
369.105,1,0,0,1
369.205,0,0,0,1
369.305,1,0,0,1
369.405,1,0,0,1
369.505,1,0,0,1
369.605,1,0,0,1
369.705,1,0,0,1
369.805,1,0,0,0
369.905,0,0,0,0
370.005,0,0,0,1
370.105,1,0,0,1
370.205,0,0,0,1
370.305,0,0,0,1
370.405,1,0,0,1
370.505,1,0,0,1
370.605,0,0,0,1
370.705,1,0,0,1
370.805,1,0,0,1
370.905,1,0,0,1
371.005,1,0,0,0
371.105,1,0,0,0
371.205,0,0,0,0
371.305,1,0,0,1
371.405,1,0,0,0
371.505,1,0,0,1
371.605,1,0,0,1
371.705,1,0,0,1
371.805,0,0,0,1
371.905,1,0,0,1
372.005,1,0,0,1
372.105,1,0,0,1
372.205,1,0,0,1
372.305,1,0,0,1
372.405,1,0,0,1
372.505,1,0,0,1
372.605,0,0,0,1
372.705,0,0,0,1
372.805,0,0,0,1
372.905,1,0,0,0
373.005,1,0,0,1
373.105,0,0,0,1
373.205,1,0,0,1
373.305,1,0,0,1
373.405,0,0,0,0
373.505,1,0,0,1
373.605,1,0,0,1
373.705,1,0,0,1
373.805,1,0,0,0
373.905,1,0,0,1
374.005,0,0,0,1
374.105,1,0,0,1
374.205,1,0,0,1
374.305,0,0,0,1
374.405,0,0,0,1
374.505,1,0,0,1
374.605,0,0,0,1
374.705,1,0,0,1
374.805,1,0,0,1
374.905,1,0,0,1
375.005,0,0,0,1
375.105,0,0,0,1
375.205,0,0,0,1
375.305,0,0,0,1
375.405,1,0,0,1
375.505,1,0,0,1
375.605,0,0,0,1
375.705,1,0,0,1
375.805,1,0,0,1
375.905,1,0,0,1
376.005,1,0,0,0
376.105,1,0,0,1
376.205,1,0,0,1
376.305,1,0,0,1
376.405,1,0,0,0
376.505,1,0,0,1
376.605,1,0,0,1
376.705,0,0,0,1
376.805,1,0,0,1
376.905,1,0,0,1
377.005,1,0,0,1
377.105,1,0,0,0
377.205,1,0,0,0
377.305,1,0,0,1
377.405,1,0,0,1
377.505,1,0,0,1
377.605,1,0,0,0
377.705,1,0,0,0
377.805,1,0,0,0
377.905,1,0,0,1
378.005,1,0,0,0
378.105,1,0,0,0
378.205,1,0,0,1
378.305,1,0,0,1
378.405,1,0,0,1
378.505,0,0,0,0
378.605,1,0,0,1
378.705,1,0,0,1
378.805,0,0,0,1
378.905,1,0,0,1
379.005,1,0,0,1
379.105,1,0,0,1
379.205,1,0,0,1
379.305,1,0,0,1
379.405,1,0,0,1
379.505,0,0,0,1
379.605,1,0,0,1
379.705,0,0,0,1
379.805,1,0,0,0
379.905,1,0,0,1
380.005,1,0,0,1
380.105,0,0,0,1
380.205,1,0,0,1
380.305,1,0,0,1
380.405,1,0,0,1
380.505,0,0,0,0
380.605,1,0,0,0
380.705,1,0,0,1
380.805,0,0,0,1
380.905,1,0,0,0
381.005,0,0,0,1
381.105,1,0,0,1
381.205,0,0,0,0
381.305,1,0,0,0
381.405,1,0,0,0
381.505,1,0,0,1
381.605,1,0,0,1
381.705,0,0,0,0
381.805,1,0,0,1
381.905,0,0,0,1
382.005,1,0,0,0
382.105,0,0,0,1
382.205,1,0,0,1
382.305,0,0,0,1
382.405,0,0,0,1
382.505,1,0,0,1
382.605,1,0,0,1
382.705,0,0,0,1
382.805,0,0,0,1
382.905,0,0,0,1
383.005,0,0,0,1
383.105,1,0,0,1
383.205,1,0,0,1
383.305,1,0,0,1
383.405,1,0,0,1
383.505,1,0,0,1
383.605,0,0,0,1
383.705,1,0,0,1
383.805,1,0,0,1
383.905,1,0,0,1
384.005,1,0,0,1
384.105,1,0,0,1
384.205,1,0,0,1
384.305,1,0,0,1
384.405,1,0,0,1
384.505,0,0,0,1
384.605,1,0,0,1
384.705,1,0,0,1
384.805,0,0,0,1
384.905,1,0,0,0
385.005,1,0,0,1
385.105,1,0,0,1
385.205,0,0,0,0
385.305,1,0,0,1
385.405,1,0,0,1
385.505,0,0,0,0
385.605,0,0,0,1
385.705,0,0,0,1
385.805,1,0,0,1
385.905,0,0,0,1
386.005,0,0,0,1
386.105,1,0,0,1
386.205,0,0,0,1
386.305,1,0,0,1
386.405,1,0,0,1
386.505,0,0,0,1
386.605,1,0,0,1
386.705,0,0,0,1
386.805,1,0,0,1
386.905,0,0,0,1
387.005,0,0,0,1
387.105,0,0,0,1
387.205,1,0,0,0
387.305,0,0,0,1
387.405,1,0,0,0
387.505,1,0,0,1
387.605,1,0,0,1
387.705,1,0,0,1
387.805,0,0,0,1
387.905,1,0,0,1
388.005,0,0,0,1
388.105,0,0,0,0
388.205,1,0,0,1
388.305,1,0,0,1
388.405,1,0,0,1
388.505,1,0,0,1
388.605,1,0,0,1
388.705,1,0,0,0
388.805,0,0,0,1
388.905,0,0,0,0
389.005,0,0,0,1
389.105,1,0,0,1
389.205,0,0,0,1
389.305,0,0,0,1
389.405,0,0,0,0
389.505,0,0,0,1
389.605,1,0,0,1
389.705,1,0,0,1
389.805,1,0,0,1
389.905,1,0,0,1
390.005,1,0,0,1
390.105,1,0,0,1
390.205,1,0,0,1
390.305,0,0,0,1
390.405,1,0,0,0
390.505,0,0,0,1
390.605,1,0,0,1
390.705,0,0,0,0
390.805,0,0,0,0
390.905,1,0,0,1
391.005,0,0,0,1
391.105,1,0,0,1
391.205,1,0,0,1
391.305,1,0,0,1
391.405,1,0,0,1
391.505,0,0,0,1
391.605,1,0,0,1
391.705,0,0,0,1
391.805,0,0,0,1
391.905,1,0,0,1
392.005,1,0,0,0
392.105,0,0,0,1
392.205,1,0,0,0
392.305,1,0,0,1
392.405,1,0,0,1
392.505,1,0,0,1
392.605,1,0,0,1
392.705,1,0,0,1
392.805,0,0,0,1
392.905,0,0,0,1
393.005,1,0,0,0
393.105,1,0,0,1
393.205,1,0,0,1
393.305,0,0,0,1
393.405,0,0,0,1
393.505,1,0,0,1
393.605,1,0,0,1
393.705,1,0,0,1
393.805,0,0,0,1
393.905,0,0,0,1
394.005,0,0,0,1
394.105,1,0,0,0
394.205,1,0,0,1
394.305,0,0,0,0
394.405,1,0,0,1
394.505,1,0,0,1
394.605,1,0,0,1
394.705,1,0,0,0
394.805,1,0,0,1
394.905,1,0,0,1
395.005,0,0,0,1
395.105,1,0,0,1
395.205,1,0,0,1
395.305,1,0,0,1
395.405,1,0,0,1
395.505,1,0,0,1
395.605,0,0,0,1
395.705,1,0,0,1
395.805,1,0,0,1
395.905,0,0,0,1
396.005,0,0,0,1
396.105,1,0,0,1
396.205,0,0,0,1
396.305,0,0,0,1
396.405,0,0,0,1
396.505,0,0,0,1
396.605,0,0,0,1
396.705,1,0,0,1
396.805,1,0,0,1
396.905,0,0,0,0
397.005,0,0,0,0
397.105,1,0,0,0
397.205,1,0,0,1
397.305,1,0,0,1
397.405,1,0,0,1
397.505,1,0,0,1
397.605,0,0,0,1
397.705,0,0,0,1
397.805,1,0,0,1
397.905,0,0,0,1
398.005,1,0,0,0
398.105,1,0,0,1
398.205,1,0,0,1
398.305,1,0,0,0
398.405,1,0,0,0
398.505,1,0,0,1
398.605,1,0,0,1
398.705,0,0,0,0
398.805,0,0,0,1
398.905,0,0,0,1
399.005,1,0,0,1
399.105,1,0,0,1
399.205,0,0,0,1
399.305,1,0,0,1
399.405,1,0,0,1
399.505,1,0,0,1
399.605,1,0,0,1
399.705,1,0,0,1
399.805,1,0,0,1
399.905,1,0,0,1
400.005,1,0,0,1
400.105,0,0,0,1
400.205,1,0,0,1
400.305,0,0,0,0
400.405,1,0,0,1
400.505,0,0,0,1
400.605,1,0,0,0
400.705,0,0,0,1
400.805,1,0,0,1
400.905,0,0,0,0
401.005,1,0,0,1
401.105,1,0,0,1
401.205,1,0,0,1
401.305,0,0,0,1
401.405,0,0,0,1
401.505,0,0,0,1
401.605,1,0,0,1
401.705,0,0,0,0
401.805,1,0,0,0
401.905,0,0,0,1
402.005,1,0,0,1
402.105,0,0,0,1
402.205,1,0,0,1
402.305,1,0,0,1
402.405,0,0,0,1
402.505,1,0,0,1
402.605,1,0,0,1
402.705,0,0,0,1
402.805,1,0,0,1
402.905,0,0,0,1
403.005,1,0,0,0
403.105,1,0,0,0
403.205,1,0,0,1
403.305,1,0,0,1
403.405,1,0,0,0
403.505,1,0,0,1
403.605,0,0,0,1
403.705,1,0,0,1
403.805,1,0,0,0
403.905,1,0,0,1
404.005,0,0,0,1
404.105,0,0,0,1
404.205,1,0,0,0
404.305,1,0,0,1
404.405,0,0,0,0
404.505,1,0,0,1
404.605,0,0,0,1
404.705,1,0,0,1
404.805,1,0,0,1
404.905,0,0,0,1
405.005,1,0,0,0
405.105,0,0,0,0
405.205,0,0,0,0
405.305,1,0,0,1
405.405,0,0,0,0
405.505,1,0,0,1
405.605,0,0,0,1
405.705,1,0,0,1
405.805,1,0,0,0
405.905,0,0,0,0
406.005,1,0,0,1
406.105,0,0,0,1
406.205,1,0,0,1
406.305,1,0,0,1
406.405,0,0,0,1
406.505,1,0,0,1
406.605,1,0,0,1
406.705,0,0,0,1
406.805,1,0,0,1
406.905,0,0,0,1
407.005,1,0,0,0
407.105,0,0,0,0
407.205,1,0,0,0
407.305,1,0,0,1
407.405,1,0,0,1
407.505,1,0,0,1
407.605,0,0,0,1
407.705,0,0,0,1
407.805,1,0,0,1
407.905,1,0,0,1
408.005,0,0,0,1
408.105,1,0,0,1
408.205,1,0,0,1
408.305,1,0,0,1
408.405,1,0,0,0
408.505,0,0,0,1
408.605,0,0,0,0
408.705,0,0,0,1
408.805,1,0,0,1
408.905,0,0,0,1
409.005,0,0,0,1
409.105,1,0,0,1
409.205,0,0,0,1
409.305,1,0,0,1
409.405,0,0,0,1
409.505,1,0,0,1
409.605,0,0,0,1
409.705,1,0,0,1
409.805,1,0,0,1
409.905,1,0,0,1
410.005,1,0,0,1
410.105,1,0,0,1
410.205,1,0,0,0
410.305,1,0,0,1
410.405,0,0,0,1
410.505,1,0,0,1
410.605,0,0,0,1
410.705,0,0,0,1
410.805,0,0,0,1
410.905,1,0,0,1
411.005,1,0,0,1
411.105,0,0,0,1
411.205,0,0,0,1
411.305,1,0,0,0
411.405,1,0,0,1
411.505,1,0,0,1
411.605,1,0,0,1
411.705,0,0,0,1
411.805,0,0,0,0
411.905,1,0,0,1
412.005,0,0,0,1
412.105,1,0,0,1
412.205,1,0,0,0
412.305,0,0,0,0
412.405,1,0,0,1
412.505,1,0,0,1
412.605,0,0,0,1
412.705,1,0,0,0
412.805,1,0,0,1
412.905,1,0,0,1
413.005,1,0,0,1
413.105,0,0,0,1
413.205,1,0,0,0
413.305,1,0,0,1
413.405,1,0,0,1
413.505,0,0,0,1
413.605,0,0,0,1
413.705,1,0,0,1
413.805,1,0,0,1
413.905,0,0,0,0
414.005,1,0,0,0
414.105,1,0,0,0
414.205,0,0,0,1
414.305,0,0,0,1
414.405,1,0,0,1
414.505,0,0,0,1
414.605,1,0,0,1
414.705,1,0,0,1
414.805,0,0,0,1
414.905,0,0,0,1
415.005,1,0,0,1
415.105,1,0,0,1
415.205,1,0,0,1
415.305,1,0,0,1
415.405,0,0,0,1
415.505,0,0,0,1
415.605,1,0,0,1
415.705,1,0,0,1
415.805,0,0,0,1
415.905,0,0,0,1
416.005,1,0,0,1
416.105,1,0,0,1
416.205,0,0,0,1
416.305,1,0,0,0
416.405,0,0,0,1
416.505,1,0,0,1
416.605,1,0,0,1
416.705,0,0,0,0
416.805,0,0,0,1
416.905,1,0,0,1
417.005,0,0,0,1
417.105,1,0,0,1
417.205,1,0,0,1
417.305,1,0,0,1
417.405,1,0,0,1
417.505,1,0,0,1
417.605,1,0,0,1
417.705,0,0,0,1
417.805,1,0,0,1
417.905,1,0,0,1
418.005,1,0,0,1
418.105,0,0,0,1
418.205,0,0,0,1
418.305,0,0,0,1
418.405,0,0,0,0
418.505,0,0,0,1
418.605,1,0,0,1
418.705,1,0,0,1
418.805,1,0,0,1
418.905,1,0,0,1
419.005,1,0,0,0
419.105,1,0,0,1
419.205,1,0,0,1
419.305,0,0,0,1
419.405,0,0,0,1
419.505,0,0,0,1
419.605,0,0,0,1
419.705,0,0,0,0
419.805,0,0,0,0
419.905,0,0,0,1
420.005,0,0,0,1
420.105,1,0,0,1
420.205,1,0,0,1
420.305,1,0,0,1
420.405,0,0,0,1
420.505,1,0,0,1
420.605,1,0,0,1
420.705,0,0,0,1
420.805,0,0,0,1
420.905,1,0,0,1
421.005,1,0,0,0
421.105,1,0,0,1
421.205,1,0,0,1
421.305,1,0,0,1
421.405,1,0,0,1
421.505,1,0,0,0
421.605,0,0,0,1
421.705,1,0,0,0
421.805,1,0,0,0
421.905,1,0,0,1
422.005,1,0,0,1
422.105,1,0,0,1
422.205,1,0,0,1
422.305,1,0,0,1
422.405,0,0,0,1
422.505,1,0,0,0
422.605,1,0,0,0
422.705,1,0,0,1
422.805,0,0,0,0
422.905,1,0,0,1
423.005,0,0,0,1
423.105,0,0,0,1
423.205,0,0,0,1
423.305,1,0,0,1
423.405,1,0,0,1
423.505,1,0,0,0
423.605,1,0,0,1
423.705,1,0,0,1
423.805,1,0,0,0
423.905,0,0,0,1
424.005,0,0,0,1
424.105,1,0,0,1
424.205,0,0,0,1
424.305,1,0,0,1
424.405,0,0,0,1
424.505,0,0,0,0
424.605,0,0,0,0
424.705,0,0,0,1
424.805,1,0,0,1
424.905,1,0,0,1
425.005,1,0,0,1
425.105,1,0,0,0
425.205,1,0,0,1
425.305,1,0,0,1
425.405,1,0,0,1
425.505,1,0,0,0
425.605,0,0,0,1
425.705,1,0,0,1
425.805,1,0,0,1
425.905,1,0,0,1
426.005,0,0,0,1
426.105,1,0,0,1
426.205,1,0,0,1
426.305,1,0,0,1
426.405,0,0,0,1
426.505,1,0,0,1
426.605,1,0,0,1
426.705,0,0,0,0
426.805,1,0,0,1
426.905,0,0,0,0
427.005,1,0,0,0
427.105,0,0,0,1
427.205,0,0,0,1
427.305,0,0,0,1
427.405,0,0,0,1
427.505,0,0,0,1
427.605,1,0,0,0
427.705,1,0,0,1
427.805,0,0,0,1
427.905,1,0,0,1
428.005,1,0,0,1
428.105,1,0,0,1
428.205,1,0,0,1
428.305,1,0,0,1
428.405,1,0,0,1
428.505,1,0,0,1
428.605,1,0,0,1
428.705,1,0,0,1
428.805,1,0,0,1
428.905,1,0,0,1
429.005,1,0,0,1
429.105,1,0,0,0
429.205,1,0,0,1
429.305,1,0,0,1
429.405,0,0,0,1
429.505,0,0,0,1
429.605,0,0,0,0
429.705,0,0,0,1
429.805,0,0,0,1
429.905,1,0,0,1
430.005,1,0,0,1
430.105,0,0,0,1
430.205,1,0,0,1
430.305,0,0,0,1
430.405,0,0,0,1
430.505,0,0,0,0
430.605,1,0,0,1
430.705,1,0,0,1
430.805,0,0,0,1
430.905,0,0,0,1
431.005,1,0,0,1
431.105,0,0,0,1
431.205,1,0,0,1
431.305,1,0,0,1
431.405,0,0,0,1
431.505,0,0,0,0
431.605,1,0,0,1
431.705,1,0,0,0
431.805,0,0,0,0
431.905,1,0,0,0
432.005,1,0,0,1
432.105,1,0,0,1
432.205,0,0,0,1
432.305,1,0,0,1
432.405,1,0,0,1
432.505,1,0,0,1
432.605,1,0,0,1
432.705,1,0,0,0
432.805,1,0,0,1
432.905,1,0,0,1
433.005,1,0,0,1
433.105,1,0,0,0
433.205,1,0,0,1
433.305,1,0,0,1
433.405,1,0,0,1
433.505,1,0,0,1
433.605,1,0,0,1
433.705,0,0,0,1
433.805,1,0,0,1
433.905,0,0,0,0
434.005,1,0,0,1
434.105,0,0,0,1
434.205,1,0,0,1
434.305,0,0,0,1
434.405,0,0,0,0
434.505,0,0,0,1
434.605,1,0,0,1
434.705,0,0,0,1
434.805,1,0,0,1
434.905,1,0,0,1
435.005,1,0,0,1
435.105,0,0,0,1
435.205,0,0,0,0
435.305,1,0,0,0
435.405,1,0,0,1
435.505,0,0,0,1
435.605,1,0,0,1
435.705,1,0,0,1
435.805,0,0,0,1
435.905,1,0,0,1
436.005,1,0,0,1
436.105,1,0,0,1
436.205,1,0,0,1
436.305,1,0,0,1
436.405,0,0,0,1
436.505,1,0,0,1
436.605,1,0,0,1
436.705,1,0,0,0
436.805,1,0,0,1
436.905,1,0,0,1
437.005,0,0,0,1
437.105,1,0,0,1
437.205,0,0,0,1
437.305,0,0,0,1
437.405,1,0,0,1
437.505,1,0,0,1
437.605,1,0,0,1
437.705,1,0,0,1
437.805,1,0,0,0
437.905,1,0,0,1
438.005,1,0,0,1
438.105,1,0,0,1
438.205,0,0,0,1
438.305,0,0,0,1
438.405,0,0,0,1
438.505,0,0,0,1
438.605,1,0,0,1
438.705,1,0,0,1
438.805,1,0,0,1
438.905,1,0,0,1
439.005,1,0,0,1
439.105,1,0,0,1
439.205,1,0,0,1
439.305,1,0,0,0
439.405,1,0,0,1
439.505,0,0,0,1
439.605,1,0,0,1
439.705,1,0,0,1
439.805,1,0,0,0
439.905,1,0,0,0
440.005,1,0,0,1
440.105,1,0,0,1
440.205,1,0,0,1
440.305,1,0,0,1
440.405,1,0,0,1
440.505,1,0,0,1
440.605,1,0,0,0
440.705,1,0,0,0
440.805,1,0,0,1
440.905,1,0,0,1
441.005,1,0,0,1
441.105,0,0,0,1
441.205,1,0,0,1
441.305,0,0,0,1
441.405,0,0,0,1
441.505,1,0,0,1
441.605,1,0,0,1
441.705,1,0,0,1
441.805,0,0,0,1
441.905,1,0,0,1
442.005,0,0,0,1
442.105,1,0,0,1
442.205,1,0,0,1
442.305,1,0,0,1
442.405,0,0,0,1
442.505,1,0,0,1
442.605,1,0,0,1
442.705,0,0,0,1
442.805,1,0,0,1
442.905,1,0,0,1
443.005,0,0,0,1
443.105,0,0,0,0
443.205,1,0,0,1
443.305,0,0,0,1
443.405,1,0,0,1
443.505,0,0,0,1
443.605,0,0,0,1
443.705,1,0,0,1
443.805,1,0,0,1
443.905,0,0,0,1
444.005,1,0,0,1
444.105,1,0,0,1
444.205,0,0,0,1
444.305,1,0,0,0
444.405,1,0,0,1
444.505,1,0,0,1
444.605,0,0,0,1
444.705,1,0,0,1
444.805,0,0,0,1
444.905,0,0,0,1
445.005,0,0,0,1
445.105,1,0,0,1
445.205,1,0,0,1
445.305,1,0,0,0
445.405,0,0,0,1
445.505,0,0,0,1
445.605,1,0,0,1
445.705,1,0,0,1
445.805,0,0,0,0
445.905,1,0,0,0
446.005,1,0,0,1
446.105,1,0,0,1
446.205,1,0,0,1
446.305,0,0,0,1
446.405,0,0,0,1
446.505,1,0,0,1
446.605,1,0,0,1
446.705,1,0,0,1
446.805,1,0,0,1
446.905,1,0,0,1
447.005,1,0,0,1
447.105,1,0,0,1
447.205,1,0,0,1
447.305,1,0,0,1
447.405,1,0,0,1
447.505,1,0,0,1
447.605,1,0,0,1
447.705,1,0,0,1
447.805,1,0,0,1
447.905,1,0,0,1
448.005,0,0,0,1
448.105,1,0,0,1
448.205,1,0,0,1
448.305,1,0,0,0
448.405,1,0,0,1
448.505,0,0,0,0
448.605,0,0,0,1
448.705,1,0,0,0
448.805,1,0,0,1
448.905,1,0,0,0
449.005,0,0,0,1
449.105,0,0,0,1
449.205,1,0,0,0
449.305,1,0,0,1
449.405,1,0,0,1
449.505,0,0,0,1
449.605,1,0,0,1
449.705,1,0,0,1
449.805,1,0,0,1
449.905,1,0,0,1
450.005,0,0,0,0
450.105,1,0,0,1
450.205,1,0,0,1
450.305,0,0,0,1
450.405,0,0,0,1
450.505,1,0,0,1
450.605,1,0,0,1
450.705,0,0,0,0
450.805,0,0,0,1
450.905,0,0,0,1
451.005,0,0,0,1
451.105,0,0,0,1
451.205,0,0,0,1
451.305,0,0,0,1
451.405,1,0,0,0
451.505,1,0,0,0
451.605,0,0,0,1
451.705,1,0,0,0
451.805,1,0,0,1
451.905,1,0,0,1
452.005,1,0,0,1
452.105,1,0,0,1
452.205,0,0,0,0
452.305,0,0,0,1
452.405,0,0,0,1
452.505,1,0,0,1
452.605,1,0,0,1
452.705,0,0,0,1
452.805,0,0,0,1
452.905,1,0,0,1
453.005,1,0,0,1
453.105,1,0,0,1
453.205,1,0,0,1
453.305,0,0,0,1
453.405,1,0,0,0
453.505,1,0,0,1
453.605,1,0,0,1
453.705,0,0,0,1
453.805,1,0,0,1
453.905,1,0,0,1
454.005,0,0,0,1
454.105,1,0,0,1
454.205,1,0,0,1
454.305,1,0,0,1
454.405,1,0,0,0
454.505,0,0,0,1
454.605,1,0,0,1
454.705,1,0,0,1
454.805,0,0,0,0
454.905,1,0,0,1
455.005,0,0,0,1
455.105,0,0,0,1
455.205,1,0,0,0
455.305,1,0,0,1
455.405,1,0,0,0
455.505,1,0,0,1
455.605,0,0,0,1
455.705,0,0,0,1
455.805,1,0,0,1
455.905,1,0,0,1
456.005,1,0,0,1
456.105,1,0,0,0
456.205,0,0,0,1
456.305,0,0,0,1
456.405,0,0,0,0
456.505,1,0,0,1
456.605,1,0,0,1
456.705,1,0,0,1
456.805,0,0,0,1
456.905,1,0,0,1
457.005,1,0,0,1
457.105,0,0,0,1
457.205,1,0,0,1
457.305,1,0,0,1
457.405,1,0,0,1
457.505,1,0,0,1
457.605,0,0,0,1
457.705,1,0,0,0
457.805,1,0,0,1
457.905,1,0,0,1
458.005,0,0,0,1
458.105,0,0,0,1
458.205,0,0,0,1
458.305,0,0,0,0
458.405,1,0,0,1
458.505,0,0,0,1
458.605,1,0,0,1
458.705,1,0,0,1
458.805,1,0,0,1
458.905,0,0,0,1
459.005,0,0,0,1
459.105,1,0,0,0
459.205,0,0,0,1
459.305,0,0,0,1
459.405,1,0,0,1
459.505,1,0,0,1
459.605,1,0,0,1
459.705,0,0,0,1
459.805,0,0,0,1
459.905,0,0,0,0
460.005,0,0,0,1
460.105,1,0,0,1
460.205,1,0,0,1
460.305,1,0,0,1
460.405,1,0,0,1
460.505,0,0,0,1
460.605,0,0,0,1
460.705,1,0,0,1
460.805,0,0,0,1
460.905,1,0,0,1
461.005,0,0,0,1
461.105,1,0,0,1
461.205,1,0,0,1
461.305,1,0,0,1
461.405,1,0,0,1
461.505,1,0,0,1
461.605,0,0,0,1
461.705,1,0,0,1
461.805,0,0,0,1
461.905,0,0,0,1
462.005,0,0,0,1
462.105,0,0,0,1
462.205,1,0,0,1
462.305,0,0,0,1
462.405,1,0,0,1
462.505,0,0,0,0
462.605,1,0,0,1
462.705,0,0,0,0
462.805,1,0,0,1
462.905,1,0,0,0
463.005,1,0,0,1
463.105,0,0,0,1
463.205,0,0,0,1
463.305,0,0,0,0
463.405,1,0,0,1
463.505,0,0,0,1
463.605,1,0,0,1
463.705,0,0,0,1
463.805,1,0,0,1
463.905,1,0,0,1
464.005,1,0,0,0
464.105,1,0,0,1
464.205,1,0,0,1
464.305,1,0,0,1
464.405,0,0,0,1
464.505,1,0,0,1
464.605,1,0,0,0
464.705,0,0,0,1
464.805,1,0,0,1
464.905,1,0,0,1
465.005,1,0,0,1
465.105,0,0,0,1
465.205,1,0,0,1
465.305,0,0,0,1
465.405,1,0,0,1
465.505,1,0,0,1
465.605,1,0,0,0
465.705,1,0,0,1
465.805,0,0,0,1
465.905,1,0,0,1
466.005,0,0,0,1
466.105,1,0,0,1
466.205,1,0,0,1
466.305,0,0,0,1
466.405,1,0,0,1
466.505,0,0,0,0
466.605,1,0,0,0
466.705,1,0,0,0
466.805,0,0,0,1
466.905,1,0,0,1
467.005,1,0,0,1
467.105,1,0,0,0
467.205,1,0,0,1
467.305,1,0,0,0
467.405,1,0,0,1
467.505,0,0,0,1
467.605,1,0,0,1
467.705,0,0,0,1
467.805,1,0,0,1
467.905,1,0,0,1
468.005,0,0,0,1
468.105,0,0,0,0
468.205,1,0,0,1
468.305,1,0,0,1
468.405,1,0,0,0
468.505,1,0,0,1
468.605,1,0,0,1
468.705,1,0,0,0
468.805,1,0,0,0
468.905,1,0,0,0
469.005,1,0,0,1
469.105,1,0,0,1
469.205,0,0,0,1
469.305,1,0,0,1
469.405,1,0,0,1
469.505,1,0,0,0
469.605,1,0,0,1
469.705,1,0,0,1
469.805,1,0,0,1
469.905,1,0,0,1
470.005,1,0,0,1
470.105,0,0,0,1
470.205,1,0,0,1
470.305,0,0,0,1
470.405,1,0,0,0
470.505,0,0,0,1
470.605,0,0,0,1
470.705,1,0,0,1
470.805,1,0,0,1
470.905,0,0,0,0
471.005,1,0,0,1
471.105,1,0,0,1
471.205,0,0,0,0
471.305,0,0,0,1
471.405,0,0,0,1
471.505,0,0,0,1
471.605,0,0,0,1
471.705,1,0,0,1
471.805,1,0,0,1
471.905,0,0,0,1
472.005,1,0,0,1
472.105,1,0,0,1
472.205,1,0,0,1
472.305,1,0,0,1
472.405,1,0,0,1
472.505,0,0,0,1
472.605,1,0,0,1
472.705,0,0,0,1
472.805,1,0,0,1
472.905,1,0,0,1
473.005,1,0,0,1
473.105,0,0,0,1
473.205,1,0,0,1
473.305,1,0,0,1
473.405,1,0,0,0
473.505,0,0,0,0
473.605,1,0,0,0
473.705,1,0,0,1
473.805,1,0,0,1
473.905,1,0,0,1
474.005,1,0,0,1
474.105,0,0,0,1
474.205,1,0,0,1
474.305,1,0,0,0
474.405,1,0,0,1
474.505,1,0,0,1
474.605,1,0,0,1
474.705,0,0,0,0
474.805,1,0,0,0
474.905,0,0,0,1
475.005,1,0,0,1
475.105,0,0,0,0
475.205,0,0,0,1
475.305,1,0,0,1
475.405,1,0,0,1
475.505,0,0,0,1
475.605,1,0,0,1
475.705,1,0,0,1
475.805,1,0,0,0
475.905,1,0,0,0
476.005,1,0,0,1
476.105,0,0,0,1
476.205,0,0,0,1
476.305,1,0,0,1
476.405,0,0,0,0
476.505,1,0,0,1
476.605,1,0,0,1
476.705,1,0,0,1
476.805,1,0,0,1
476.905,1,0,0,1
477.005,1,0,0,1
477.105,0,0,0,1
477.205,1,0,0,1
477.305,1,0,0,1
477.405,1,0,0,0
477.505,1,0,0,0
477.605,0,0,0,1
477.705,1,0,0,1
477.805,0,0,0,1
477.905,1,0,0,1
478.005,1,0,0,1
478.105,0,0,0,1
478.205,1,0,0,1
478.305,1,0,0,1
478.405,0,0,0,1
478.505,0,0,0,1
478.605,1,0,0,1
478.705,1,0,0,1
478.805,0,0,0,1
478.905,1,0,0,1
479.005,1,0,0,1
479.105,1,0,0,1
479.205,0,0,0,1
479.305,1,0,0,1
479.405,0,0,0,1
479.505,0,0,0,1
479.605,1,0,0,0
479.705,0,0,0,0
479.805,0,0,0,1
479.905,1,0,0,1
480.005,1,0,0,1
480.105,0,0,0,1
480.205,0,0,0,1
480.305,0,0,0,0
480.405,1,0,0,1
480.505,1,0,0,1
480.605,1,0,0,1
480.705,1,0,0,1
480.805,0,0,0,1
480.905,1,0,0,1
481.005,1,0,0,1
481.105,1,0,0,1
481.205,0,0,0,1
481.305,1,0,0,1
481.405,1,0,0,0
481.505,0,0,0,1
481.605,1,0,0,0
481.705,0,0,0,1
481.805,0,0,0,1
481.905,1,0,0,1
482.005,0,0,0,1
482.105,1,0,0,1
482.205,1,0,0,1
482.305,1,0,0,0
482.405,1,0,0,0
482.505,1,0,0,1
482.605,1,0,0,1
482.705,1,0,0,1
482.805,1,0,0,1
482.905,1,0,0,0
483.005,1,0,0,1
483.105,0,0,0,1
483.205,1,0,0,1
483.305,1,0,0,1
483.405,1,0,0,1
483.505,1,0,0,1
483.605,0,0,0,1
483.705,1,0,0,1
483.805,0,0,0,0
483.905,0,0,0,1
484.005,0,0,0,1
484.105,1,0,0,1
484.205,1,0,0,0
484.305,0,0,0,0
484.405,0,0,0,1
484.505,1,0,0,1
484.605,0,0,0,1
484.705,0,0,0,1
484.805,1,0,0,1
484.905,1,0,0,1
485.005,1,0,0,1
485.105,0,0,0,1
485.205,0,0,0,1
485.305,0,0,0,1
485.405,1,0,0,1
485.505,1,0,0,0
485.605,0,0,0,1
485.705,1,0,0,1
485.805,0,0,0,0
485.905,1,0,0,1
486.005,1,0,0,1
486.105,0,0,0,1
486.205,1,0,0,1
486.305,1,0,0,1
486.405,0,0,0,1
486.505,0,0,0,1
486.605,0,0,0,1
486.705,1,0,0,1
486.805,1,0,0,1
486.905,1,0,0,1
487.005,0,0,0,1
487.105,1,0,0,0
487.205,1,0,0,1
487.305,1,0,0,1
487.405,0,0,0,0
487.505,1,0,0,1
487.605,0,0,0,1
487.705,0,0,0,1
487.805,0,0,0,1
487.905,1,0,0,0
488.005,0,0,0,1
488.105,0,0,0,1
488.205,0,0,0,1
488.305,1,0,0,1
488.405,1,0,0,1
488.505,0,0,0,1
488.605,1,0,0,0
488.705,0,0,0,1
488.805,0,0,0,1
488.905,1,0,0,1
489.005,1,0,0,1
489.105,0,0,0,1
489.205,1,0,0,1
489.305,0,0,0,1
489.405,1,0,0,1
489.505,1,0,0,1
489.605,0,0,0,1
489.705,1,0,0,0
489.805,0,0,0,1
489.905,0,0,0,1
490.005,0,0,0,1
490.105,1,0,0,1
490.205,1,0,0,1
490.305,0,0,0,1
490.405,1,0,0,1
490.505,1,0,0,1
490.605,1,0,0,1
490.705,1,0,0,1
490.805,0,0,0,1
490.905,0,0,0,0
491.005,0,0,0,0
491.105,1,0,0,1
491.205,0,0,0,1
491.305,1,0,0,1
491.405,0,0,0,1
491.505,1,0,0,1
491.605,1,0,0,1
491.705,1,0,0,1
491.805,0,0,0,1
491.905,0,0,0,1
492.005,0,0,0,1
492.105,1,0,0,0
492.205,0,0,0,1
492.305,1,0,0,1
492.405,0,0,0,1
492.505,1,0,0,1
492.605,1,0,0,1
492.705,1,0,0,1
492.805,1,0,0,1
492.905,1,0,0,1
493.005,0,0,0,1
493.105,1,0,0,1
493.205,1,0,0,1
493.305,1,0,0,1
493.405,1,0,0,1
493.505,0,0,0,1
493.605,1,0,0,1
493.705,0,0,0,1
493.805,0,0,0,0
493.905,1,0,0,0
494.005,0,0,0,1
494.105,0,0,0,1
494.205,1,0,0,1
494.305,1,0,0,0
494.405,1,0,0,0
494.505,1,0,0,1
494.605,1,0,0,1
494.705,1,0,0,1
494.805,1,0,0,1
494.905,1,0,0,1
495.005,0,0,0,1
495.105,0,0,0,0
495.205,0,0,0,1
495.305,0,0,0,0
495.405,0,0,0,1
495.505,1,0,0,1
495.605,1,0,0,1
495.705,0,0,0,1
495.805,0,0,0,0
495.905,0,0,0,1
496.005,0,0,0,1
496.105,1,0,0,1
496.205,0,0,0,1
496.305,1,0,0,1
496.405,0,0,0,1
496.505,0,0,0,1
496.605,0,0,0,0
496.705,1,0,0,1
496.805,0,0,0,1
496.905,0,0,0,1
497.005,0,0,0,1
497.105,0,0,0,1
497.205,0,0,0,1
497.305,0,0,0,1
497.405,1,0,0,1
497.505,0,0,0,1
497.605,0,0,0,1
497.705,1,0,0,1
497.805,0,0,0,1
497.905,1,0,0,1
498.005,0,0,0,1
498.105,0,0,0,1
498.205,1,0,0,1
498.305,1,0,0,1
498.405,0,0,0,0
498.505,0,0,0,0
498.605,1,0,0,1
498.705,0,0,0,1
498.805,1,0,0,0
498.905,1,0,0,0
499.005,0,0,0,1
499.105,0,0,0,1
499.205,0,0,0,1
499.305,0,0,0,1
499.405,0,0,0,1
499.505,0,0,0,1
499.605,1,0,0,0
499.705,1,0,0,1
499.805,1,0,0,1
499.905,0,0,0,1
500.005,1,0,0,1
500.105,1,0,0,1
500.205,1,0,0,1
500.305,1,0,0,1
500.405,1,0,0,1
500.505,1,0,0,0
500.605,1,0,0,1
500.705,1,0,0,1
500.805,1,0,0,1
500.905,1,0,0,1
501.005,1,0,0,1
501.105,1,0,0,1
501.205,1,0,0,1
501.305,1,0,0,1
501.405,0,0,0,1
501.505,1,0,0,1
501.605,0,0,0,1
501.705,1,0,0,1
501.805,1,0,0,1
501.905,1,0,0,0
502.005,1,0,0,0
502.105,1,0,0,0
