Time (ns),CHL1262-O1...GLN95-OE1,CHL1262-O1...SER55-OG,GLN95-NE2...CHL1262-O1,SER55-OG...CHL1262-O1
2.205,0,1,1,0
2.305,0,1,0,0
2.405,0,0,1,0
2.505,0,0,1,0
2.605,0,0,1,0
2.705,0,0,1,0
2.805,0,0,0,0
2.905,0,0,1,0
3.005,0,0,0,0
3.105,0,0,1,0
3.205,0,0,1,0
3.305,0,0,1,0
3.405,0,0,0,0
3.505,0,0,1,0
3.605,0,0,1,0
3.705,0,0,1,0
3.805,0,0,1,0
3.905,0,0,1,0
4.005,0,0,1,0
4.105,0,0,1,0
4.205,0,0,1,0
4.305,0,0,1,0
4.405,0,0,0,0
4.505,0,0,1,0
4.605,0,0,1,0
4.705,0,0,1,0
4.805,0,0,1,0
4.905,0,0,0,0
5.005,0,0,1,0
5.105,0,0,0,0
5.205,0,0,1,0
5.305,0,0,1,0
5.405,0,0,1,0
5.505,0,0,1,0
5.605,0,0,1,0
5.705,0,1,1,0
5.805,0,0,0,0
5.905,0,0,1,0
6.005,0,0,1,0
6.105,0,0,1,0
6.205,0,0,1,0
6.305,0,0,1,0
6.405,0,0,1,0
6.505,0,0,1,0
6.605,0,0,1,0
6.705,0,0,1,0
6.805,0,0,1,0
6.905,0,0,1,0
7.005,0,0,1,0
7.105,0,0,1,0
7.205,0,0,1,0
7.305,0,0,1,0
7.405,0,0,1,0
7.505,0,1,1,0
7.605,0,0,1,1
7.705,0,0,1,0
7.805,0,0,1,1
7.905,0,0,0,0
8.005,0,0,1,0
8.105,0,0,1,0
8.205,0,0,1,0
8.305,0,0,1,0
8.405,0,0,1,0
8.505,0,0,1,0
8.605,0,0,1,0
8.705,0,0,1,0
8.805,0,0,1,0
8.905,0,0,0,0
9.005,0,0,1,0
9.105,0,0,1,0
9.205,0,0,1,0
9.305,0,0,1,0
9.405,0,0,0,0
9.505,0,0,1,0
9.605,0,0,1,0
9.705,0,0,0,0
9.805,0,0,1,0
9.905,0,0,1,0
10.005,0,0,1,0
10.105,0,0,1,0
10.205,0,0,0,0
10.305,0,0,1,0
10.405,0,0,1,0
10.505,0,0,1,0
10.605,0,0,1,0
10.705,0,0,1,0
10.805,0,0,1,0
10.905,0,0,1,0
11.005,0,0,0,0
11.105,0,0,1,0
11.205,0,0,1,0
11.305,0,0,1,0
11.405,0,0,1,0
11.505,0,0,1,0
11.605,0,0,1,0
11.705,0,0,1,0
11.805,0,0,1,0
11.905,0,0,1,0
12.005,0,0,0,0
12.105,0,0,1,0
12.205,0,0,1,0
12.305,0,0,1,0
12.405,0,0,1,0
12.505,0,0,0,0
12.605,0,0,1,0
12.705,0,0,1,0
12.805,0,0,1,0
12.905,0,0,0,0
13.005,0,0,1,0
13.105,0,0,1,0
13.205,0,0,1,0
13.305,0,0,1,0
13.405,0,0,1,0
13.505,0,0,1,0
13.605,0,0,1,0
13.705,0,0,1,0
13.805,0,0,1,0
13.905,0,0,1,0
14.005,0,0,1,0
14.105,0,0,1,0
14.205,0,0,0,0
14.305,0,0,1,0
14.405,0,0,1,0
14.505,0,0,1,0
14.605,0,0,0,0
14.705,0,0,1,0
14.805,0,0,0,0
14.905,0,0,1,0
15.005,0,0,1,0
15.105,0,0,0,0
15.205,0,0,1,0
15.305,0,0,1,0
15.405,0,0,0,0
15.505,0,0,1,0
15.605,0,0,1,0
15.705,0,0,1,0
15.805,0,0,1,0
15.905,0,0,1,0
16.005,0,0,0,0
16.105,0,0,1,0
16.205,0,0,0,0
16.305,0,0,1,0
16.405,0,0,1,0
16.505,0,0,0,0
16.605,0,0,1,0
16.705,0,0,1,0
16.805,0,0,1,0
16.905,0,0,1,0
17.005,0,0,1,0
17.105,0,0,1,0
17.205,0,0,1,0
17.305,0,0,1,0
17.405,0,0,1,0
17.505,0,0,1,0
17.605,0,0,1,0
17.705,0,0,1,0
17.805,0,0,1,0
17.905,0,0,1,0
18.005,0,0,1,0
18.105,0,0,1,0
18.205,0,0,1,0
18.305,0,0,0,0
18.405,0,0,1,0
18.505,0,0,0,0
18.605,0,0,1,0
18.705,0,0,1,0
18.805,0,0,1,0
18.905,0,0,1,0
19.005,0,0,1,0
19.105,0,0,1,0
19.205,0,0,1,0
19.305,0,0,1,0
19.405,0,0,1,0
19.505,0,0,1,0
19.605,0,0,0,0
19.705,0,0,0,0
19.805,0,0,1,0
19.905,0,0,1,0
20.005,0,0,1,0
20.105,0,0,1,0
20.205,0,0,1,0
20.305,0,0,1,0
20.405,0,0,1,0
20.505,0,0,1,0
20.605,0,0,0,0
20.705,0,0,1,0
20.805,0,0,0,0
20.905,0,0,1,0
21.005,0,0,0,0
21.105,0,0,1,0
21.205,0,0,1,0
21.305,0,0,0,0
21.405,0,0,1,0
21.505,0,0,0,0
21.605,0,0,1,0
21.705,0,0,0,0
21.805,0,0,1,0
21.905,0,0,1,0
22.005,0,0,1,0
22.105,0,0,1,0
22.205,0,0,1,0
22.305,0,0,1,0
22.405,0,0,1,0
22.505,0,1,1,0
22.605,0,0,1,0
22.705,0,0,0,0
22.805,0,0,0,0
22.905,0,0,0,0
23.005,0,0,1,0
23.105,0,0,1,0
23.205,0,1,1,0
23.305,0,0,1,0
23.405,0,0,1,0
23.505,0,0,1,0
23.605,0,0,1,0
23.705,0,0,1,0
23.805,0,0,1,0
23.905,0,0,0,0
24.005,0,0,1,0
24.105,0,0,1,0
24.205,0,0,1,0
24.305,0,0,1,0
24.405,0,0,1,0
24.505,0,0,1,0
24.605,0,0,1,0
24.705,0,0,1,0
24.805,0,0,1,0
24.905,0,0,1,0
25.005,0,0,1,0
25.105,0,0,0,0
25.205,0,0,1,0
25.305,0,0,0,0
25.405,0,0,0,0
25.505,0,0,1,0
25.605,0,0,1,0
25.705,0,0,1,0
25.805,0,0,0,0
25.905,0,0,0,0
26.005,0,0,1,0
26.105,0,0,1,0
26.205,0,0,1,0
26.305,0,0,1,0
26.405,0,0,1,0
26.505,0,0,0,0
26.605,0,0,1,0
26.705,0,0,1,0
26.805,0,0,1,0
26.905,0,0,1,0
27.005,0,0,1,0
27.105,0,0,1,0
27.205,0,0,1,0
27.305,0,0,1,0
27.405,0,0,1,0
27.505,0,0,1,0
27.605,0,0,0,0
27.705,0,0,0,0
27.805,0,0,1,0
27.905,0,0,1,0
28.005,0,0,1,0
28.105,0,0,0,0
28.205,0,0,1,0
28.305,0,0,1,0
28.405,0,0,0,0
28.505,0,0,1,0
28.605,0,0,1,0
28.705,0,0,0,0
28.805,0,0,1,0
28.905,0,0,1,0
29.005,0,0,1,0
29.105,0,0,1,0
29.205,0,0,1,0
29.305,0,0,0,0
29.405,0,0,1,0
29.505,0,0,0,0
29.605,0,0,0,0
29.705,0,0,1,0
29.805,0,0,1,0
29.905,0,0,1,0
30.005,0,0,1,0
30.105,0,0,0,0
30.205,0,0,1,0
30.305,0,0,1,0
30.405,0,0,1,0
30.505,0,0,1,0
30.605,0,0,1,0
30.705,0,0,1,0
30.805,0,0,1,0
30.905,0,0,1,0
31.005,0,0,1,0
31.105,0,0,1,0
31.205,0,0,1,0
31.305,0,0,1,0
31.405,0,0,1,0
31.505,0,0,0,0
31.605,0,0,1,0
31.705,0,0,1,0
31.805,0,0,1,0
31.905,0,0,0,0
32.005,0,0,1,0
32.105,0,0,1,0
32.205,0,0,1,0
32.305,0,0,1,0
32.405,0,0,1,0
32.505,0,0,1,0
32.605,0,0,0,0
32.705,0,0,0,0
32.805,0,0,1,0
32.905,0,0,1,0
33.005,0,0,0,0
33.105,0,0,1,0
33.205,0,0,0,0
33.305,0,0,1,0
33.405,0,0,1,0
33.505,0,0,1,0
33.605,0,0,1,0
33.705,0,0,1,0
33.805,0,0,1,0
33.905,0,0,1,0
34.005,0,0,0,0
34.105,0,0,1,0
34.205,0,0,1,0
34.305,0,0,1,0
34.405,0,0,1,0
34.505,0,0,1,0
34.605,0,1,1,0
34.705,0,0,1,0
34.805,0,0,1,0
34.905,0,0,1,0
35.005,0,0,1,0
35.105,0,0,1,0
35.205,0,0,0,0
35.305,0,0,0,0
35.405,0,0,1,0
35.505,0,0,0,0
35.605,0,0,1,0
35.705,0,0,0,0
35.805,0,0,1,0
35.905,0,0,1,0
36.005,0,0,1,0
36.105,0,0,1,0
36.205,0,0,0,0
36.305,0,0,0,0
36.405,0,0,0,0
36.505,0,0,1,0
36.605,0,0,1,0
36.705,0,0,1,0
36.805,0,1,1,0
36.905,0,0,1,0
37.005,0,0,1,0
37.105,0,0,1,0
37.205,0,0,1,0
37.305,0,0,1,0
37.405,0,0,0,0
37.505,0,0,1,0
37.605,0,0,1,0
37.705,0,0,1,0
37.805,0,0,1,0
37.905,0,0,1,0
38.005,0,0,1,0
38.105,0,0,1,0
38.205,0,0,1,0
38.305,0,1,1,0
38.405,0,0,0,0
38.505,0,0,1,0
38.605,0,0,0,0
38.705,0,0,1,0
38.805,0,0,1,0
38.905,0,0,1,0
39.005,0,0,1,0
39.105,0,0,1,0
39.205,0,0,0,0
39.305,0,0,0,0
39.405,0,0,1,0
39.505,0,0,0,0
39.605,0,0,0,0
39.705,0,0,1,0
39.805,0,0,1,0
39.905,0,0,1,0
40.005,0,0,1,0
40.105,0,0,1,0
40.205,0,0,1,0
40.305,0,0,0,0
40.405,0,0,1,0
40.505,0,0,0,0
40.605,0,0,1,0
40.705,0,0,1,0
40.805,0,0,1,0
40.905,0,0,1,0
41.005,0,0,1,0
41.105,0,0,1,0
41.205,0,0,1,0
41.305,0,0,0,0
41.405,0,0,1,0
41.505,0,0,1,0
41.605,0,0,1,0
41.705,0,0,1,0
41.805,0,0,1,0
41.905,0,0,1,0
42.005,0,0,0,0
42.105,0,0,0,0
42.205,0,0,1,0
42.305,0,0,0,0
42.405,0,0,1,0
42.505,0,0,0,0
42.605,0,0,1,0
42.705,0,0,1,0
42.805,0,0,1,0
42.905,0,0,1,0
43.005,0,0,1,0
43.105,0,0,1,0
43.205,0,0,1,0
43.305,0,0,1,0
43.405,0,0,1,0
43.505,0,0,0,0
43.605,0,0,1,0
43.705,0,0,1,0
43.805,0,0,1,0
43.905,0,0,1,0
44.005,0,0,1,0
44.105,0,0,1,0
44.205,0,0,1,0
44.305,0,0,1,0
44.405,0,0,0,0
44.505,0,0,0,0
44.605,0,0,1,0
44.705,0,0,1,0
44.805,0,0,1,0
44.905,0,0,1,0
45.005,0,0,1,0
45.105,0,0,0,0
45.205,0,0,1,0
45.305,0,0,1,0
45.405,0,0,1,0
45.505,0,0,1,0
45.605,0,0,0,0
45.705,0,0,1,0
45.805,0,0,0,0
45.905,0,0,1,0
46.005,0,0,1,0
46.105,0,0,1,0
46.205,0,0,1,0
46.305,0,0,1,0
46.405,0,0,1,0
46.505,0,0,1,0
46.605,0,0,1,0
46.705,0,0,1,0
46.805,0,0,1,0
46.905,0,0,0,0
47.005,0,0,0,0
47.105,0,0,0,0
47.205,0,0,1,0
47.305,0,0,0,0
47.405,0,0,1,0
47.505,0,0,1,0
47.605,0,0,0,0
47.705,0,0,1,0
47.805,0,0,1,0
47.905,0,0,1,0
48.005,0,0,1,0
48.105,0,0,0,0
48.205,0,0,1,0
48.305,0,0,0,0
48.405,0,0,0,0
48.505,0,0,0,0
48.605,0,0,1,0
48.705,0,0,1,0
48.805,0,0,1,0
48.905,0,0,1,0
49.005,0,0,1,0
49.105,0,0,1,0
49.205,0,0,1,0
49.305,0,0,1,0
49.405,0,0,0,0
49.505,0,0,1,0
49.605,0,0,1,0
49.705,0,0,0,0
49.805,0,0,1,0
49.905,0,0,1,0
50.005,0,0,0,0
50.105,0,0,1,0
50.205,0,0,0,0
50.305,0,0,0,0
50.405,0,0,0,0
50.505,0,0,0,0
50.605,0,0,1,0
50.705,0,0,0,0
50.805,0,0,1,0
50.905,0,0,1,0
51.005,0,0,0,0
51.105,0,0,1,0
51.205,0,0,1,0
51.305,0,0,1,0
51.405,0,0,1,0
51.505,0,0,1,0
51.605,0,0,0,0
51.705,0,0,1,0
51.805,0,0,1,0
51.905,0,0,1,0
52.005,0,0,1,0
52.105,0,0,1,0
52.205,0,0,1,0
52.305,0,0,1,0
52.405,0,0,1,0
52.505,0,0,1,0
52.605,0,0,0,0
52.705,0,0,0,0
52.805,0,0,0,0
52.905,0,0,1,0
53.005,0,0,1,0
53.105,0,0,0,0
53.205,0,0,1,0
53.305,0,0,1,0
53.405,0,0,0,0
53.505,0,0,0,0
53.605,0,0,1,0
53.705,0,0,1,0
53.805,0,0,0,0
53.905,0,0,1,0
54.005,0,0,1,0
54.105,0,0,1,0
54.205,0,0,1,0
54.305,0,0,1,0
54.405,0,0,1,0
54.505,0,0,1,0
54.605,0,0,1,0
54.705,0,0,1,0
54.805,0,0,0,0
54.905,0,0,0,0
55.005,0,0,1,0
55.105,0,0,1,0
55.205,0,0,1,0
55.305,0,0,0,0
55.405,0,0,1,0
55.505,0,0,1,0
55.605,0,0,1,0
55.705,0,0,1,0
55.805,0,0,0,0
55.905,0,0,1,0
56.005,0,0,0,0
56.105,0,0,1,0
56.205,0,0,0,0
56.305,0,0,0,0
56.405,0,0,1,0
56.505,0,0,1,0
56.605,0,0,1,0
56.705,0,0,1,0
56.805,0,0,1,0
56.905,0,0,1,0
57.005,0,0,1,0
57.105,0,0,1,0
57.205,0,0,1,0
57.305,0,0,1,0
57.405,0,0,0,0
57.505,0,0,0,0
57.605,0,0,1,0
57.705,0,0,1,0
57.805,0,0,1,0
57.905,0,0,1,0
58.005,0,0,1,0
58.105,0,0,0,0
58.205,0,0,0,0
58.305,0,0,0,0
58.405,0,0,0,0
58.505,0,0,1,0
58.605,0,0,1,0
58.705,0,0,0,0
58.805,0,0,1,0
58.905,0,0,1,0
59.005,0,0,1,0
59.105,0,0,0,0
59.205,0,0,1,0
59.305,0,0,1,0
59.405,0,0,1,0
59.505,0,0,1,0
59.605,0,0,1,0
59.705,0,0,1,0
59.805,0,0,1,0
59.905,0,0,0,0
60.005,0,0,0,0
60.105,0,0,0,0
60.205,0,0,1,0
60.305,0,0,1,0
60.405,0,0,0,0
60.505,0,0,0,0
60.605,0,0,1,0
60.705,0,0,0,0
60.805,0,0,1,0
60.905,0,0,1,0
61.005,0,0,1,0
61.105,0,0,1,0
61.205,0,0,1,0
61.305,0,0,1,0
61.405,0,0,1,0
61.505,0,0,1,0
61.605,0,0,1,0
61.705,0,0,1,0
61.805,0,0,0,0
61.905,0,0,1,0
62.005,0,0,1,0
62.105,0,0,1,0
62.205,0,0,1,0
62.305,0,0,0,0
62.405,0,0,0,0
62.505,0,0,1,0
62.605,0,0,1,0
62.705,0,0,0,0
62.805,0,0,1,0
62.905,0,0,1,0
63.005,0,0,0,0
63.105,0,0,0,0
63.205,0,0,1,0
63.305,0,0,0,0
63.405,0,0,1,0
63.505,0,0,1,0
63.605,0,0,1,0
63.705,0,0,1,0
63.805,0,0,0,0
63.905,0,0,1,0
64.005,0,0,1,0
64.105,0,0,0,0
64.205,0,0,1,0
64.305,0,0,1,0
64.405,0,0,1,0
64.505,0,0,1,0
64.605,0,0,1,0
64.705,0,0,0,0
64.805,0,0,0,0
64.905,0,0,1,0
65.005,0,0,1,0
65.105,0,0,0,0
65.205,0,0,1,0
65.305,0,0,1,0
65.405,0,0,1,0
65.505,0,0,1,0
65.605,0,0,1,0
65.705,0,0,0,0
65.805,0,0,0,0
65.905,0,0,0,0
66.005,0,0,1,0
66.105,0,0,1,0
66.205,0,0,1,0
66.305,0,0,1,0
66.405,0,0,1,0
66.505,0,0,1,0
66.605,0,0,1,0
66.705,0,0,0,0
66.805,0,0,0,0
66.905,0,0,1,0
67.005,0,0,0,0
67.105,0,0,1,0
67.205,0,0,1,0
67.305,0,0,1,0
67.405,0,0,1,0
67.505,0,0,0,0
67.605,0,0,0,0
67.705,0,0,1,0
67.805,0,0,1,0
67.905,0,0,1,0
68.005,0,0,1,0
68.105,0,0,1,0
68.205,0,0,1,0
68.305,0,0,1,0
68.405,0,0,1,0
68.505,0,0,1,0
68.605,0,0,1,0
68.705,0,0,1,0
68.805,0,0,0,0
68.905,0,0,1,0
69.005,0,0,0,0
69.105,0,0,1,0
69.205,0,0,1,0
69.305,0,0,0,0
69.405,0,0,1,0
69.505,0,0,1,0
69.605,0,0,0,0
69.705,0,0,1,0
69.805,0,0,0,0
69.905,0,0,1,0
70.005,0,0,0,0
70.105,0,0,0,0
70.205,0,0,1,0
70.305,0,0,1,0
70.405,0,0,0,0
70.505,0,0,1,0
70.605,0,0,0,0
70.705,0,0,1,0
70.805,0,0,1,0
70.905,0,0,1,0
71.005,0,0,1,0
71.105,0,0,1,0
71.205,0,0,1,0
71.305,0,0,1,0
71.405,0,0,0,0
71.505,0,0,1,0
71.605,0,0,0,0
71.705,0,0,1,0
71.805,0,0,1,0
71.905,0,0,1,0
72.005,0,0,1,0
72.105,0,0,1,0
72.205,0,0,0,0
72.305,0,0,0,0
72.405,0,0,1,0
72.505,0,0,0,0
72.605,0,0,1,0
72.705,0,0,1,0
72.805,0,0,1,0
72.905,0,0,1,0
73.005,0,0,1,0
73.105,0,0,1,0
73.205,0,0,1,0
73.305,0,0,1,0
73.405,0,0,1,0
73.505,0,0,1,0
73.605,0,0,1,0
73.705,0,0,0,0
73.805,0,0,0,0
73.905,0,0,0,0
74.005,0,0,1,0
74.105,0,0,1,0
74.205,0,0,1,0
74.305,0,0,0,0
74.405,0,0,1,0
74.505,0,0,1,0
74.605,0,0,0,0
74.705,0,0,1,0
74.805,0,0,1,0
74.905,0,0,1,0
75.005,0,0,0,0
75.105,0,0,0,0
75.205,0,0,1,0
75.305,0,0,1,0
75.405,0,0,0,0
75.505,0,0,1,0
75.605,0,0,1,0
75.705,0,1,1,0
75.805,0,0,1,0
75.905,0,0,1,0
76.005,0,0,1,0
76.105,0,0,0,0
76.205,0,0,1,0
76.305,0,0,1,0
76.405,0,0,1,0
76.505,0,0,1,0
76.605,0,0,1,0
76.705,0,0,1,0
76.805,0,0,1,0
76.905,0,0,1,0
77.005,0,0,1,0
77.105,0,0,0,0
77.205,0,0,1,0
77.305,0,0,1,0
77.405,0,0,0,0
77.505,0,0,1,0
77.605,0,0,1,0
77.705,0,0,0,1
77.805,0,0,0,1
77.905,0,0,0,1
78.005,0,0,0,0
78.105,0,0,0,1
78.205,0,0,1,0
78.305,0,0,0,0
78.405,0,0,1,0
78.505,0,0,0,1
78.605,0,0,1,0
78.705,0,0,0,0
78.805,0,0,1,0
78.905,0,0,1,0
79.005,0,0,1,0
79.105,0,0,1,0
79.205,0,0,1,0
79.305,0,0,1,0
79.405,0,0,1,0
79.505,0,0,1,0
79.605,0,0,1,0
79.705,0,0,1,0
79.805,0,0,0,0
79.905,0,0,1,0
80.005,0,0,1,0
80.105,0,0,1,0
80.205,0,0,0,0
80.305,0,0,1,0
80.405,0,0,1,0
80.505,0,0,1,0
80.605,0,0,1,0
80.705,0,1,0,0
80.805,0,0,0,0
80.905,0,0,1,0
81.005,0,0,0,0
81.105,0,0,1,0
81.205,0,0,0,0
81.305,0,0,1,0
81.405,0,0,1,0
81.505,0,0,1,0
81.605,0,0,1,0
81.705,0,0,1,0
81.805,0,0,1,0
81.905,0,0,0,0
82.005,0,0,1,0
82.105,0,0,1,0
82.205,0,0,1,0
82.305,0,0,0,0
82.405,0,0,1,0
82.505,0,0,1,0
82.605,0,0,1,0
82.705,0,0,0,0
82.805,0,0,1,0
82.905,0,0,1,0
83.005,0,0,1,0
83.105,0,0,1,0
83.205,0,0,1,0
83.305,0,0,1,0
83.405,0,0,1,0
83.505,0,0,1,0
83.605,0,0,1,0
83.705,0,0,1,0
83.805,0,0,1,0
83.905,0,0,1,0
84.005,0,0,1,0
84.105,0,0,0,0
84.205,0,0,1,0
84.305,0,0,1,0
84.405,0,0,1,0
84.505,0,0,0,0
84.605,0,0,1,0
84.705,0,0,0,0
84.805,0,0,1,0
84.905,0,0,1,0
85.005,0,0,0,0
85.105,0,0,0,0
85.205,0,0,0,1
85.305,0,0,0,1
85.405,0,0,0,1
85.505,0,0,1,0
85.605,0,1,1,0
85.705,0,0,1,0
85.805,0,1,1,0
85.905,0,0,1,0
86.005,0,1,1,0
86.105,0,1,1,0
86.205,0,0,1,0
86.305,0,1,1,0
86.405,0,1,1,0
86.505,0,1,1,0
86.605,0,0,0,0
86.705,0,0,0,0
86.805,0,1,1,0
86.905,0,1,1,0
87.005,0,1,1,0
87.105,0,0,1,0
87.205,0,0,1,0
87.305,0,0,0,0
87.405,0,0,0,0
87.505,0,0,1,0
87.605,0,1,1,0
87.705,0,1,1,0
87.805,0,0,1,0
87.905,0,0,1,0
88.005,0,1,1,0
88.105,0,0,1,0
88.205,0,0,0,1
88.305,0,0,1,0
88.405,0,1,1,0
88.505,0,0,0,0
88.605,0,1,1,0
88.705,0,1,1,0
88.805,0,0,0,0
88.905,0,1,1,0
89.005,0,1,0,0
89.105,0,0,1,0
89.205,0,0,0,1
89.305,0,0,1,0
89.405,0,0,1,0
89.505,0,0,1,0
89.605,0,0,0,0
89.705,0,1,1,0
89.805,0,0,1,0
89.905,0,1,1,0
90.005,0,1,0,0
90.105,0,1,0,0
90.205,0,0,0,0
90.305,0,1,1,0
90.405,0,0,0,0
90.505,0,1,0,0
90.605,0,0,0,0
90.705,0,1,0,0
90.805,0,0,1,0
90.905,0,1,1,0
91.005,0,0,0,0
91.105,0,0,0,1
91.205,0,0,0,0
91.305,0,0,0,0
91.405,0,0,0,1
91.505,0,0,1,0
91.605,0,0,0,0
91.705,0,0,1,0
91.805,0,0,1,0
91.905,0,0,1,0
92.005,0,0,0,0
92.105,0,0,1,0
92.205,0,0,1,0
92.305,0,0,1,0
92.405,0,0,0,0
92.505,0,0,1,0
92.605,0,0,1,0
92.705,0,0,1,0
92.805,0,0,1,0
92.905,0,0,1,0
93.005,0,0,0,0
93.105,0,0,1,0
93.205,0,0,0,0
93.305,0,0,1,0
93.405,0,0,0,0
93.505,0,0,0,1
93.605,0,0,0,1
93.705,0,0,0,1
93.805,0,0,0,1
93.905,0,0,0,1
94.005,0,0,0,0
94.105,0,0,0,0
94.205,0,0,0,0
94.305,0,0,1,0
94.405,0,0,1,0
94.505,0,0,1,0
94.605,0,0,1,0
94.705,0,0,1,0
94.805,0,0,0,0
94.905,0,0,1,0
95.005,0,0,0,0
95.105,0,0,1,0
95.205,0,0,1,0
95.305,0,0,1,0
95.405,0,0,1,0
95.505,0,0,1,0
95.605,0,0,1,0
95.705,0,0,1,0
95.805,0,0,1,0
95.905,0,0,0,0
96.005,0,0,1,0
96.105,0,0,1,0
96.205,0,0,0,0
96.305,0,0,1,0
96.405,0,0,1,0
96.505,0,0,1,0
96.605,0,0,0,0
96.705,0,0,1,0
96.805,0,0,0,0
96.905,0,0,1,0
97.005,0,0,0,0
97.105,0,0,1,0
97.205,0,0,0,0
97.305,0,0,1,0
97.405,0,0,1,0
97.505,0,0,1,0
97.605,0,0,1,0
97.705,0,0,1,0
97.805,0,0,1,0
97.905,0,0,0,0
98.005,0,0,1,0
98.105,0,0,1,0
98.205,0,0,1,0
98.305,0,0,0,0
98.405,0,0,0,0
98.505,0,0,1,0
98.605,0,0,0,0
98.705,0,0,1,0
98.805,0,0,1,0
98.905,0,0,1,0
99.005,0,0,1,0
99.105,0,0,0,0
99.205,0,0,1,0
99.305,0,0,1,0
99.405,0,0,1,0
99.505,0,0,0,0
99.605,0,0,0,0
99.705,0,0,1,0
99.805,0,0,1,0
99.905,0,0,1,0
100.005,0,0,1,0
100.105,0,0,1,0
100.205,0,0,1,0
100.305,0,0,1,0
100.405,0,0,1,0
100.505,0,0,1,0
100.605,0,0,1,0
100.705,0,0,1,0
100.805,0,0,1,0
100.905,0,0,1,0
101.005,0,0,0,0
101.105,0,0,1,0
101.205,0,0,1,0
101.305,0,0,1,0
101.405,0,0,1,0
101.505,0,0,1,0
101.605,0,0,1,0
101.705,0,0,1,0
101.805,0,0,1,0
101.905,0,0,1,0
102.005,0,0,1,0
102.105,0,0,1,0
102.205,0,0,1,0
102.305,0,0,1,0
102.405,0,0,1,0
102.505,0,0,0,0
102.605,0,0,1,0
102.705,0,0,0,0
102.805,0,0,1,0
102.905,0,0,1,0
103.005,0,0,1,0
103.105,0,0,1,0
103.205,0,0,1,0
103.305,0,0,1,0
103.405,0,0,1,0
103.505,0,0,1,0
103.605,0,0,1,0
103.705,0,0,1,0
103.805,0,0,1,0
103.905,0,0,1,0
104.005,0,0,1,0
104.105,0,0,1,0
104.205,0,0,1,0
104.305,0,0,1,0
104.405,0,0,1,0
104.505,0,0,1,0
104.605,0,0,1,0
104.705,0,0,1,0
104.805,0,0,1,0
104.905,0,0,1,0
105.005,0,0,1,0
105.105,0,0,0,0
105.205,0,0,1,0
105.305,0,0,1,0
105.405,0,0,1,0
105.505,0,0,1,0
105.605,0,0,1,0
105.705,0,0,1,0
105.805,0,0,1,0
105.905,0,0,1,0
106.005,0,0,0,0
106.105,0,0,0,0
106.205,0,0,0,0
106.305,0,0,1,0
106.405,0,0,0,0
106.505,0,0,1,0
106.605,0,0,1,0
106.705,0,0,1,0
106.805,0,0,1,0
106.905,0,0,1,0
107.005,0,0,0,0
107.105,0,0,1,0
107.205,0,0,1,0
107.305,0,0,1,0
107.405,0,0,1,0
107.505,0,0,1,0
107.605,0,0,0,0
107.705,0,0,1,0
107.805,0,0,1,0
107.905,0,0,0,0
108.005,0,0,1,0
108.105,0,0,1,0
108.205,0,0,0,0
108.305,0,0,0,0
108.405,0,0,1,0
108.505,0,0,1,0
108.605,0,0,1,0
108.705,0,0,1,0
108.805,0,0,1,0
108.905,0,0,1,0
109.005,0,0,1,0
109.105,0,0,1,0
109.205,0,0,1,0
109.305,0,0,1,0
109.405,0,0,1,0
109.505,0,0,1,0
109.605,0,0,1,0
109.705,0,0,1,0
109.805,0,0,1,0
109.905,0,0,1,0
110.005,0,0,1,0
110.105,0,0,1,0
110.205,0,0,1,0
110.305,0,0,1,0
110.405,0,0,1,0
110.505,0,0,1,0
110.605,0,0,1,0
110.705,0,0,1,0
110.805,0,0,0,0
110.905,0,0,1,0
111.005,0,0,1,0
111.105,0,0,1,0
111.205,0,0,1,0
111.305,0,1,1,0
111.405,0,0,1,0
111.505,0,0,1,0
111.605,0,0,1,0
111.705,0,0,1,0
111.805,0,0,1,0
111.905,0,0,1,0
112.005,0,0,0,0
112.105,0,0,1,0
112.205,0,0,1,0
112.305,0,0,1,0
112.405,0,0,1,0
112.505,0,0,1,0
112.605,0,0,1,0
112.705,0,0,1,0
112.805,0,0,1,0
112.905,0,0,1,0
113.005,0,0,1,0
113.105,0,0,1,0
113.205,0,0,1,0
113.305,0,1,1,0
113.405,0,0,1,0
113.505,0,0,1,0
113.605,0,0,1,0
113.705,0,0,0,0
113.805,0,0,1,0
113.905,0,0,1,0
114.005,0,1,1,0
114.105,0,0,0,0
114.205,0,1,1,0
114.305,0,0,1,0
114.405,0,0,1,0
114.505,0,0,1,0
114.605,0,0,0,0
114.705,0,0,1,0
114.805,0,0,1,0
114.905,0,0,1,0
115.005,0,0,1,0
115.105,0,0,0,0
115.205,0,0,1,0
115.305,0,0,1,0
115.405,0,0,0,0
115.505,0,0,1,0
115.605,0,0,1,0
115.705,0,0,1,0
115.805,0,0,1,0
115.905,0,0,0,0
116.005,0,0,1,0
116.105,0,0,1,0
116.205,0,0,0,0
116.305,0,0,1,0
116.405,0,0,1,0
116.505,0,1,1,0
116.605,0,0,1,0
116.705,0,0,1,0
116.805,0,0,1,0
116.905,0,0,1,0
117.005,0,0,1,0
117.105,0,0,0,0
117.205,0,0,1,0
117.305,0,0,1,0
117.405,0,0,1,0
117.505,0,0,1,0
117.605,0,0,1,0
117.705,0,0,1,0
117.805,0,0,1,0
117.905,0,0,1,0
118.005,0,0,1,0
118.105,0,0,1,0
118.205,0,1,1,0
118.305,0,0,1,0
118.405,0,0,1,0
118.505,0,0,1,0
118.605,0,0,1,0
118.705,0,0,1,0
118.805,0,0,0,0
118.905,0,0,1,0
119.005,0,0,1,0
119.105,0,1,1,0
119.205,0,0,1,0
119.305,0,0,1,0
119.405,0,0,0,0
119.505,0,0,0,0
119.605,0,0,0,0
119.705,0,0,0,0
119.805,0,0,1,0
119.905,0,0,1,0
120.005,0,0,1,0
120.105,0,0,0,0
120.205,0,0,0,0
120.305,0,0,0,0
120.405,0,0,0,0
120.505,0,0,0,0
120.605,0,0,1,0
120.705,0,0,1,0
120.805,0,0,1,0
120.905,0,0,0,0
121.005,0,0,1,0
121.105,0,0,0,0
121.205,0,0,1,0
121.305,0,0,1,0
121.405,0,0,1,0
121.505,0,0,1,0
121.605,0,0,1,0
121.705,0,0,0,0
121.805,0,0,0,0
121.905,0,0,0,0
122.005,0,0,1,0
122.105,0,0,1,0
122.205,0,0,1,0
122.305,0,0,1,0
122.405,0,0,1,0
122.505,0,0,1,0
122.605,0,0,1,0
122.705,0,0,1,0
122.805,0,0,1,0
122.905,0,0,1,0
123.005,0,0,1,0
123.105,0,0,0,0
123.205,0,0,1,0
123.305,0,0,1,0
123.405,0,0,1,0
123.505,0,0,0,0
123.605,0,0,0,0
123.705,0,0,0,0
123.805,0,0,1,0
123.905,0,0,1,0
124.005,0,0,1,0
124.105,0,0,1,0
124.205,0,0,1,0
124.305,0,0,1,0
124.405,0,0,0,0
124.505,0,0,1,0
124.605,0,0,1,0
124.705,0,0,1,0
124.805,0,0,1,0
124.905,0,0,1,0
125.005,0,0,1,0
125.105,0,0,1,0
125.205,0,0,0,0
125.305,0,0,1,0
125.405,0,0,0,0
125.505,0,0,1,0
125.605,0,0,0,0
125.705,0,0,1,0
125.805,0,0,1,0
125.905,0,0,1,0
126.005,0,0,0,0
126.105,0,0,1,0
126.205,0,0,0,0
126.305,0,0,1,0
126.405,0,0,0,0
126.505,0,0,1,0
126.605,0,0,0,0
126.705,0,0,1,0
126.805,0,0,0,0
126.905,0,0,1,0
127.005,0,0,0,0
127.105,0,0,1,0
127.205,0,0,1,0
127.305,0,0,1,0
127.405,0,0,0,0
127.505,0,0,1,0
127.605,0,0,0,0
127.705,0,0,0,0
127.805,0,0,1,0
127.905,0,0,1,0
128.005,0,0,1,0
128.105,0,0,0,0
128.205,0,0,1,0
128.305,0,0,0,0
128.405,0,0,1,0
128.505,0,0,0,0
128.605,0,0,1,0
128.705,0,0,1,0
128.805,0,0,1,0
128.905,0,0,1,0
129.005,0,0,1,0
129.105,0,0,1,0
129.205,0,0,1,0
129.305,0,0,1,0
129.405,0,0,1,0
129.505,0,0,1,0
129.605,0,0,1,0
129.705,0,0,1,0
129.805,0,0,1,0
129.905,0,0,1,0
130.005,0,0,0,0
130.105,0,0,0,0
130.205,0,0,1,0
130.305,0,0,1,0
130.405,0,0,1,0
130.505,0,0,0,0
130.605,0,0,1,0
130.705,0,0,1,0
130.805,0,0,1,0
130.905,0,0,1,0
131.005,0,0,1,0
131.105,0,0,0,0
131.205,0,0,1,0
131.305,0,0,1,0
131.405,0,0,0,0
131.505,0,0,0,0
131.605,0,0,1,0
131.705,0,0,1,0
131.805,0,0,0,0
131.905,0,0,1,0
132.005,0,0,1,0
132.105,0,0,1,0
132.205,0,0,1,0
132.305,0,0,0,0
132.405,0,0,1,0
132.505,0,0,1,0
132.605,0,0,1,0
132.705,0,0,0,0
132.805,0,0,1,0
132.905,0,0,1,0
133.005,0,0,1,0
133.105,0,0,1,0
133.205,0,0,1,0
133.305,0,0,1,0
133.405,0,0,1,0
133.505,0,0,0,0
133.605,0,0,0,0
133.705,0,0,1,0
133.805,0,0,1,0
133.905,0,0,0,0
134.005,0,0,1,0
134.105,0,0,1,0
134.205,0,0,0,0
134.305,0,0,0,0
134.405,0,0,0,0
134.505,0,0,1,0
134.605,0,0,1,0
134.705,0,0,1,0
134.805,0,0,1,0
134.905,0,0,1,0
135.005,0,0,1,0
135.105,0,0,0,0
135.205,0,0,1,0
135.305,0,0,1,0
135.405,0,0,1,0
135.505,0,0,0,0
135.605,0,0,1,0
135.705,0,0,1,0
135.805,0,0,1,0
135.905,0,0,0,0
136.005,0,0,0,0
136.105,0,0,1,0
136.205,0,0,0,0
136.305,0,0,0,0
136.405,0,0,0,0
136.505,0,0,1,0
136.605,0,0,0,0
136.705,0,0,1,0
136.805,0,0,0,0
136.905,0,0,1,0
137.005,0,0,0,0
137.105,0,0,1,0
137.205,0,0,1,0
137.305,0,0,1,0
137.405,0,0,1,0
137.505,0,0,0,0
137.605,0,0,0,0
137.705,0,0,0,0
137.805,0,0,0,0
137.905,0,0,1,0
138.005,0,0,0,0
138.105,0,0,1,0
138.205,0,0,1,0
138.305,0,0,1,0
138.405,0,0,1,0
138.505,0,0,1,0
138.605,0,0,1,0
138.705,0,0,0,0
138.805,0,0,0,0
138.905,0,0,1,0
139.005,0,0,1,0
139.105,0,0,1,0
139.205,0,0,1,0
139.305,0,0,1,0
139.405,0,0,1,0
139.505,0,0,1,0
139.605,0,0,1,0
139.705,0,0,0,0
139.805,0,0,1,0
139.905,0,0,0,0
140.005,0,0,1,0
140.105,0,0,0,0
140.205,0,0,0,0
140.305,0,0,0,0
140.405,0,0,0,0
140.505,0,0,1,0
140.605,0,0,1,0
140.705,0,0,1,0
140.805,0,0,1,0
140.905,0,0,1,0
141.005,0,0,0,0
141.105,0,0,1,0
141.205,0,0,1,0
141.305,0,0,1,0
141.405,0,0,0,0
141.505,0,0,1,0
141.605,0,0,1,0
141.705,0,0,1,0
141.805,0,0,1,0
141.905,0,0,0,0
142.005,0,0,0,0
142.105,0,0,1,0
142.205,0,0,1,0
142.305,0,0,1,0
142.405,0,0,0,0
142.505,0,0,1,0
142.605,0,0,1,0
142.705,0,0,1,0
142.805,0,0,0,0
142.905,0,0,1,0
143.005,0,0,1,0
143.105,0,0,1,0
143.205,0,0,1,0
143.305,0,0,1,0
143.405,0,0,1,0
143.505,0,0,0,0
143.605,0,0,1,0
143.705,0,0,1,0
143.805,0,0,0,0
143.905,0,0,1,0
144.005,0,0,1,0
144.105,0,0,1,0
144.205,0,0,1,0
144.305,0,0,1,0
144.405,0,0,1,0
144.505,0,0,1,0
144.605,0,0,1,0
144.705,0,0,1,0
144.805,0,0,1,0
144.905,0,0,0,0
145.005,0,0,1,0
145.105,0,0,1,0
145.205,0,0,0,0
145.305,0,0,1,0
145.405,0,0,0,0
145.505,0,0,1,0
145.605,0,0,1,0
145.705,0,0,1,0
145.805,0,0,1,0
145.905,0,0,0,0
146.005,0,0,0,0
146.105,0,0,1,0
146.205,0,0,0,0
146.305,0,0,1,0
146.405,0,0,1,0
146.505,0,0,0,0
146.605,0,0,0,0
146.705,0,0,1,0
146.805,0,0,1,0
146.905,0,0,1,0
147.005,0,0,0,0
147.105,0,0,1,0
147.205,0,0,1,0
147.305,0,0,0,0
147.405,0,0,0,0
147.505,0,0,0,0
147.605,0,0,1,0
147.705,0,0,1,0
147.805,0,0,1,0
147.905,0,0,1,0
148.005,0,0,1,0
148.105,0,0,1,0
148.205,0,0,1,0
148.305,0,0,1,0
148.405,0,0,1,0
148.505,0,0,0,0
148.605,0,0,0,0
148.705,0,0,0,0
148.805,0,0,1,0
148.905,0,0,1,0
149.005,0,0,1,0
149.105,0,0,1,0
149.205,0,0,1,0
149.305,0,0,0,0
149.405,0,0,0,0
149.505,0,0,0,0
149.605,0,0,1,0
149.705,0,0,1,0
149.805,0,0,1,0
149.905,0,0,0,0
150.005,0,0,0,0
150.105,0,0,1,0
150.205,0,0,1,0
150.305,0,0,1,0
150.405,0,0,0,0
150.505,0,0,1,0
150.605,0,0,1,0
150.705,0,0,0,0
150.805,0,0,0,0
150.905,0,0,1,0
151.005,0,0,1,0
151.105,0,0,0,0
151.205,0,0,1,0
151.305,0,0,1,0
151.405,0,0,1,0
151.505,0,0,1,0
151.605,0,0,1,0
151.705,0,0,1,0
151.805,0,0,1,0
151.905,0,0,1,0
152.005,0,0,1,0
152.105,0,0,1,0
152.205,0,0,1,0
152.305,0,0,1,0
152.405,0,0,0,0
152.505,0,0,1,0
152.605,0,0,0,0
152.705,0,0,1,0
152.805,0,0,1,0
152.905,0,0,0,0
153.005,0,0,1,0
153.105,0,0,1,0
153.205,0,0,1,0
153.305,0,0,1,0
153.405,0,0,1,0
153.505,0,0,1,0
153.605,0,0,0,0
153.705,0,0,1,0
153.805,0,0,1,0
153.905,0,0,0,0
154.005,0,0,1,0
154.105,0,0,1,0
154.205,0,0,1,0
154.305,0,0,0,0
154.405,0,0,1,0
154.505,0,0,0,0
154.605,0,0,0,0
154.705,0,0,0,0
154.805,0,0,0,0
154.905,0,0,1,0
155.005,0,0,0,0
155.105,0,0,1,0
155.205,0,0,1,0
155.305,0,0,1,0
155.405,0,0,1,0
155.505,0,0,1,0
155.605,0,0,1,0
155.705,0,0,0,0
155.805,0,0,0,0
155.905,0,0,1,0
156.005,0,0,1,0
156.105,0,0,1,0
156.205,0,0,1,0
156.305,0,0,1,0
156.405,0,0,0,0
156.505,0,0,0,0
156.605,0,0,1,0
156.705,0,0,0,0
156.805,0,0,1,0
156.905,0,0,1,0
157.005,0,0,1,0
157.105,0,0,1,0
157.205,0,0,0,0
157.305,0,0,0,0
157.405,0,0,1,0
157.505,0,0,1,0
157.605,0,0,1,0
157.705,0,0,1,0
157.805,0,0,0,0
157.905,0,0,1,0
158.005,0,0,1,0
158.105,0,0,0,0
158.205,0,0,1,0
158.305,0,0,1,0
158.405,0,0,1,0
158.505,0,0,0,0
158.605,0,0,0,0
158.705,0,0,1,0
158.805,0,0,1,0
158.905,0,0,1,0
159.005,0,0,0,0
159.105,0,0,1,0
159.205,0,0,1,0
159.305,0,0,1,0
159.405,0,0,1,0
159.505,0,0,0,0
159.605,0,0,0,0
159.705,0,0,0,0
159.805,0,0,1,0
159.905,0,0,1,0
160.005,0,0,0,0
160.105,0,0,1,0
160.205,0,0,1,0
160.305,0,0,1,0
160.405,0,0,0,0
160.505,0,0,0,0
160.605,0,0,0,0
160.705,0,0,1,0
160.805,0,0,1,0
160.905,0,0,0,0
161.005,0,0,0,0
161.105,0,0,1,0
161.205,0,0,0,0
161.305,0,0,1,0
161.405,0,0,1,0
161.505,0,0,0,0
161.605,0,0,1,0
161.705,0,0,1,0
161.805,0,0,1,0
161.905,0,0,1,0
162.005,0,0,0,0
162.105,0,0,0,0
162.205,0,0,1,0
162.305,0,0,0,0
162.405,0,0,1,0
162.505,0,0,0,0
162.605,0,0,0,0
162.705,0,0,0,0
162.805,0,0,0,0
162.905,0,0,1,0
163.005,0,0,0,0
163.105,0,0,1,0
163.205,0,0,1,0
163.305,0,0,0,0
163.405,0,0,0,0
163.505,0,0,1,0
163.605,0,0,1,0
163.705,0,0,1,0
163.805,0,0,1,0
163.905,0,0,1,0
164.005,0,0,1,0
164.105,0,0,0,0
164.205,0,0,0,0
164.305,0,0,0,0
164.405,0,0,1,0
164.505,0,0,0,0
164.605,0,0,1,0
164.705,0,0,1,0
164.805,0,0,1,0
164.905,0,0,0,0
165.005,0,0,1,0
165.105,0,0,0,0
165.205,0,0,1,0
165.305,0,0,1,0
165.405,0,0,1,0
165.505,0,0,0,0
165.605,0,0,0,0
165.705,0,0,1,0
165.805,0,0,1,0
165.905,0,0,1,0
166.005,0,0,1,0
166.105,0,0,1,0
166.205,0,0,1,0
166.305,0,0,1,0
166.405,0,0,0,0
166.505,0,0,0,0
166.605,0,0,1,0
166.705,0,0,0,0
166.805,0,0,0,0
166.905,0,0,0,0
167.005,0,0,1,0
167.105,0,0,1,0
167.205,0,0,1,0
167.305,0,0,1,0
167.405,0,0,0,0
167.505,0,0,0,0
167.605,0,0,0,0
167.705,0,0,1,0
167.805,0,0,1,0
167.905,0,0,0,0
168.005,0,0,1,0
168.105,0,0,1,0
168.205,0,0,1,0
168.305,0,0,1,0
168.405,0,0,1,0
168.505,0,0,1,0
168.605,0,0,1,0
168.705,0,0,1,0
168.805,0,0,1,0
168.905,0,0,0,0
169.005,0,0,1,0
169.105,0,0,1,0
169.205,0,0,0,0
169.305,0,0,1,0
169.405,0,0,1,0
169.505,0,0,0,0
169.605,0,0,1,0
169.705,0,0,1,0
169.805,0,0,1,0
169.905,0,0,1,0
170.005,0,0,1,0
170.105,0,0,1,0
170.205,0,0,0,0
170.305,0,0,0,0
170.405,0,0,1,0
170.505,0,0,0,0
170.605,0,0,0,0
170.705,0,0,1,0
170.805,0,0,1,0
170.905,0,0,1,0
171.005,0,0,1,0
171.105,0,0,1,0
171.205,0,0,0,0
171.305,0,0,1,0
171.405,0,0,1,0
171.505,0,0,1,0
171.605,0,0,1,0
171.705,0,0,1,0
171.805,0,0,1,0
171.905,0,0,1,0
172.005,0,0,1,0
172.105,0,0,1,0
172.205,0,0,1,0
172.305,0,0,0,0
172.405,0,0,1,0
172.505,0,0,1,0
172.605,0,0,1,0
172.705,0,0,0,0
172.805,0,0,1,0
172.905,0,0,1,0
173.005,0,0,1,0
173.105,0,0,0,0
173.205,0,0,1,0
173.305,0,0,1,0
173.405,0,0,0,0
173.505,0,0,1,0
173.605,0,0,1,0
173.705,0,0,1,0
173.805,0,0,1,0
173.905,0,0,0,0
174.005,0,0,0,0
174.105,0,0,0,0
174.205,0,0,0,0
174.305,0,0,1,0
174.405,0,0,1,0
174.505,0,0,1,0
174.605,0,0,1,0
174.705,0,0,1,0
174.805,0,0,1,0
174.905,0,0,1,0
175.005,0,0,0,0
175.105,0,0,1,0
175.205,0,0,0,0
175.305,0,0,1,0
175.405,0,0,1,0
175.505,0,0,1,0
175.605,0,0,1,0
175.705,0,0,1,0
175.805,0,0,1,0
175.905,0,0,1,0
176.005,0,0,0,0
176.105,0,0,1,0
176.205,0,0,1,0
176.305,0,0,0,0
176.405,0,0,0,0
176.505,0,0,1,0
176.605,0,0,1,0
176.705,0,0,1,0
176.805,0,0,0,0
176.905,0,0,0,0
177.005,0,0,0,0
177.105,0,0,0,0
177.205,0,0,1,0
177.305,0,0,0,0
177.405,0,0,0,0
177.505,0,0,1,0
177.605,0,0,0,0
177.705,0,0,1,0
177.805,0,0,0,0
177.905,0,0,1,0
178.005,0,0,1,0
178.105,0,0,1,0
178.205,0,0,1,0
178.305,0,0,1,0
178.405,0,0,1,0
178.505,0,0,0,0
178.605,0,0,1,0
178.705,0,0,0,0
178.805,0,0,1,0
178.905,0,0,1,0
179.005,0,0,0,0
179.105,0,0,1,0
179.205,0,0,1,0
179.305,0,0,1,0
179.405,0,0,1,0
179.505,0,0,1,0
179.605,0,0,1,0
179.705,0,0,1,0
179.805,0,0,0,0
179.905,0,0,0,0
180.005,0,0,1,0
180.105,0,0,0,0
180.205,0,0,1,0
180.305,0,0,0,0
180.405,0,0,0,0
180.505,0,0,1,0
180.605,0,0,0,0
180.705,0,0,0,0
180.805,0,0,1,0
180.905,0,0,0,0
181.005,0,0,1,0
181.105,0,0,1,0
181.205,0,0,1,0
181.305,0,0,0,0
181.405,0,0,0,0
181.505,0,0,0,0
181.605,0,0,0,0
181.705,0,0,1,0
181.805,0,0,1,0
181.905,0,0,1,0
182.005,0,0,1,0
182.105,0,0,1,0
182.205,0,0,0,0
182.305,0,0,1,0
182.405,0,0,1,0
182.505,0,0,1,0
182.605,0,0,1,0
182.705,0,0,1,0
182.805,0,0,1,0
182.905,0,0,0,0
183.005,0,0,0,0
183.105,0,0,1,0
183.205,0,0,0,0
183.305,0,0,0,0
183.405,0,0,0,0
183.505,0,0,1,0
183.605,0,0,1,0
183.705,0,0,0,0
183.805,0,0,0,0
183.905,0,0,1,0
184.005,0,0,1,0
184.105,0,0,0,0
184.205,0,0,1,0
184.305,0,0,0,0
184.405,0,0,1,0
184.505,0,0,1,0
184.605,0,0,1,0
184.705,0,0,0,0
184.805,0,0,0,0
184.905,0,0,1,0
185.005,0,0,1,0
185.105,0,0,1,0
185.205,0,0,1,0
185.305,0,0,1,0
185.405,0,0,1,0
185.505,0,0,1,0
185.605,0,0,1,0
185.705,0,0,1,0
185.805,0,0,1,0
185.905,0,0,1,0
186.005,0,0,0,0
186.105,0,0,0,0
186.205,0,0,1,0
186.305,0,0,1,0
186.405,0,0,1,0
186.505,0,0,1,0
186.605,0,0,1,0
186.705,0,0,1,0
186.805,0,0,0,0
186.905,0,0,0,0
187.005,0,0,0,0
187.105,0,0,0,0
187.205,0,0,1,0
187.305,0,0,1,0
187.405,0,0,1,0
187.505,0,0,1,0
187.605,0,0,1,0
187.705,0,0,1,0
187.805,0,0,1,0
187.905,0,0,1,0
188.005,0,0,0,0
188.105,0,0,0,0
188.205,0,0,1,0
188.305,0,0,1,0
188.405,0,0,1,0
188.505,0,0,1,0
188.605,0,0,1,0
188.705,0,0,1,0
188.805,0,0,1,0
188.905,0,0,1,0
189.005,0,0,0,0
189.105,0,0,1,0
189.205,0,0,0,0
189.305,0,0,1,0
189.405,0,0,1,0
189.505,0,0,0,0
189.605,0,0,1,0
189.705,0,0,1,0
189.805,0,0,1,0
189.905,0,0,0,0
190.005,0,0,1,0
190.105,0,0,1,0
190.205,0,0,0,0
190.305,0,0,1,0
190.405,0,0,1,0
190.505,0,0,1,0
190.605,0,0,1,0
190.705,0,0,1,0
190.805,0,0,1,0
190.905,0,0,1,0
191.005,0,0,1,0
191.105,0,0,1,0
191.205,0,0,1,0
191.305,0,0,0,0
191.405,0,0,0,0
191.505,0,0,0,0
191.605,0,0,1,0
191.705,0,0,0,0
191.805,0,0,1,0
191.905,0,0,0,0
192.005,0,0,1,0
192.105,0,0,0,0
192.205,0,0,0,0
192.305,0,0,0,0
192.405,0,0,1,0
192.505,0,0,1,0
192.605,0,0,1,0
192.705,0,0,1,0
192.805,0,0,1,0
192.905,0,0,1,0
193.005,0,0,1,0
193.105,0,0,1,0
193.205,0,0,1,0
193.305,0,0,1,0
193.405,0,0,1,0
193.505,0,0,1,0
193.605,0,0,1,0
193.705,0,0,1,0
193.805,0,0,1,0
193.905,0,0,1,0
194.005,0,0,1,0
194.105,0,0,0,0
194.205,0,0,0,0
194.305,0,0,0,0
194.405,0,0,1,0
194.505,0,0,1,0
194.605,0,0,1,0
194.705,0,0,0,0
194.805,0,0,1,0
194.905,0,0,1,0
195.005,0,0,1,0
195.105,0,0,1,0
195.205,0,0,1,0
195.305,0,0,1,0
195.405,0,0,1,0
195.505,0,0,1,0
195.605,0,0,0,0
195.705,0,0,0,0
195.805,0,0,1,0
195.905,0,0,1,0
196.005,0,0,1,0
196.105,0,0,1,0
196.205,0,0,0,0
196.305,0,0,1,0
196.405,0,0,1,0
196.505,0,0,0,0
196.605,0,0,0,0
196.705,0,0,1,0
196.805,0,0,1,0
196.905,0,0,1,0
197.005,0,0,0,0
197.105,0,0,1,0
197.205,0,0,1,0
197.305,0,0,1,0
197.405,0,0,1,0
197.505,0,0,1,0
197.605,0,0,1,0
197.705,0,0,0,0
197.805,0,0,1,0
197.905,0,0,1,0
198.005,0,0,0,0
198.105,0,0,1,0
198.205,0,0,1,0
198.305,0,0,1,0
198.405,0,0,1,0
198.505,0,0,1,0
198.605,0,0,1,0
198.705,0,0,1,0
198.805,0,0,1,0
198.905,0,0,1,0
199.005,0,0,1,0
199.105,0,0,0,0
199.205,0,0,0,0
199.305,0,0,1,0
199.405,0,0,1,0
199.505,0,0,1,0
199.605,0,0,0,0
199.705,0,0,1,0
199.805,0,0,1,0
199.905,0,0,1,0
200.005,0,0,1,0
200.105,0,0,1,0
200.205,0,0,0,0
200.305,0,0,1,0
200.405,0,0,0,0
200.505,0,0,1,0
200.605,0,0,0,0
200.705,0,0,1,0
200.805,0,0,0,0
200.905,0,0,1,0
201.005,0,0,1,0
201.105,0,0,1,0
201.205,0,0,1,0
201.305,0,0,1,0
201.405,0,0,1,0
201.505,0,0,1,0
201.605,0,0,0,0
201.705,0,0,1,0
201.805,0,0,0,0
201.905,0,0,0,0
202.005,0,0,0,0
202.105,0,0,1,0
202.205,0,0,1,0
202.305,0,0,1,0
202.405,0,0,0,0
202.505,0,0,1,0
202.605,0,0,0,0
202.705,0,0,0,0
202.805,0,0,0,0
202.905,0,0,0,0
203.005,0,0,0,0
203.105,1,0,0,0
203.205,0,0,0,0
203.305,0,0,0,0
203.405,0,0,0,0
203.505,1,0,0,0
203.605,0,0,0,0
203.705,0,0,0,0
203.805,0,1,0,0
203.905,0,0,0,0
204.005,0,0,0,0
204.105,0,0,0,0
204.205,0,0,0,0
204.305,0,0,0,0
204.405,0,0,0,0
204.505,0,0,0,0
204.605,0,0,0,0
204.705,1,0,0,0
204.805,0,0,0,0
204.905,0,0,0,0
205.005,0,0,0,0
205.105,0,0,1,0
205.205,0,0,1,0
205.305,0,0,0,0
205.405,0,0,1,0
205.505,0,0,1,0
205.605,0,0,1,0
205.705,0,0,1,0
205.805,0,0,1,0
205.905,0,0,1,0
206.005,0,0,1,0
206.105,0,0,1,0
206.205,0,0,1,0
206.305,0,0,1,0
206.405,0,0,0,0
206.505,0,0,1,0
206.605,0,0,0,0
206.705,0,0,1,0
206.805,0,0,0,0
206.905,0,0,1,0
207.005,0,0,0,0
207.105,0,0,0,0
207.205,0,0,1,0
207.305,0,0,1,0
207.405,0,0,1,0
207.505,0,0,1,0
207.605,0,0,1,0
207.705,0,0,1,0
207.805,0,0,1,0
207.905,0,0,1,0
208.005,0,0,1,0
208.105,0,0,1,0
208.205,0,0,1,0
208.305,0,0,1,0
208.405,0,0,1,0
208.505,0,0,1,0
208.605,0,0,1,0
208.705,0,0,1,0
208.805,0,0,1,0
208.905,0,0,1,0
209.005,0,0,1,0
209.105,0,0,1,0
209.205,0,0,1,0
209.305,0,0,1,0
209.405,0,0,0,0
209.505,0,0,0,0
209.605,0,0,0,0
209.705,0,0,1,0
209.805,0,0,1,0
209.905,0,0,0,0
210.005,0,0,1,0
210.105,0,0,1,0
210.205,0,0,1,0
210.305,0,0,1,0
210.405,0,0,1,0
210.505,0,0,1,0
210.605,0,0,1,0
210.705,0,0,1,0
210.805,0,0,0,0
210.905,0,0,1,0
211.005,0,0,0,0
211.105,0,0,1,0
211.205,0,0,1,0
211.305,0,0,1,0
211.405,0,0,1,0
211.505,0,0,1,0
211.605,0,0,1,0
211.705,0,0,0,0
211.805,0,0,1,0
211.905,0,0,1,0
212.005,0,0,1,0
212.105,0,0,1,0
212.205,0,0,0,0
212.305,0,0,1,0
212.405,0,0,1,0
212.505,0,0,1,0
212.605,0,0,0,0
212.705,0,0,1,0
212.805,0,0,1,0
212.905,0,0,1,0
213.005,0,0,1,0
213.105,0,0,1,0
213.205,0,0,0,0
213.305,0,0,1,0
213.405,0,0,1,0
213.505,0,0,0,0
213.605,0,0,1,0
213.705,0,0,1,0
213.805,0,0,1,0
213.905,0,0,1,0
214.005,0,0,1,0
214.105,0,0,1,0
214.205,0,0,0,0
214.305,0,1,1,0
214.405,0,0,1,0
214.505,0,0,0,0
214.605,0,0,1,0
214.705,0,1,1,0
214.805,0,0,0,0
214.905,0,0,1,0
215.005,0,0,0,0
215.105,0,0,0,0
215.205,0,0,1,0
215.305,0,0,1,0
215.405,0,0,1,0
215.505,0,0,0,0
215.605,0,0,1,0
215.705,0,0,1,0
215.805,0,0,0,0
215.905,0,0,1,0
216.005,0,0,1,0
216.105,0,0,1,0
216.205,0,0,1,0
216.305,0,0,0,0
216.405,0,0,1,0
216.505,0,0,1,0
216.605,0,0,1,0
216.705,0,0,0,0
216.805,0,0,1,0
216.905,0,0,1,0
217.005,0,0,1,0
217.105,0,0,0,0
217.205,0,0,1,0
217.305,0,0,1,0
217.405,0,0,0,0
217.505,0,0,1,0
217.605,0,0,0,0
217.705,0,0,1,0
217.805,0,0,1,0
217.905,0,0,1,0
218.005,0,0,1,0
218.105,0,0,0,0
218.205,0,1,1,0
218.305,0,0,0,0
218.405,0,1,1,0
218.505,0,1,1,0
218.605,0,0,0,0
218.705,0,0,1,0
218.805,0,0,1,0
218.905,0,0,1,0
219.005,0,0,1,0
219.105,0,0,1,0
219.205,0,0,0,0
219.305,0,0,1,0
219.405,0,0,0,0
219.505,0,0,1,0
219.605,0,1,1,0
219.705,0,1,0,0
219.805,0,0,1,0
219.905,0,0,1,0
220.005,0,0,0,0
220.105,0,0,1,0
220.205,0,0,0,0
220.305,0,0,0,0
220.405,0,0,0,0
220.505,0,0,1,0
220.605,0,0,0,0
220.705,0,0,1,0
220.805,0,0,1,0
220.905,0,0,1,0
221.005,0,0,0,0
221.105,0,0,1,0
221.205,0,0,1,0
221.305,0,0,1,0
221.405,0,0,1,0
221.505,0,0,0,0
221.605,0,0,0,0
221.705,0,1,0,0
221.805,0,0,1,0
221.905,0,0,1,0
222.005,0,0,1,0
222.105,0,0,1,0
222.205,0,0,0,0
222.305,0,0,1,0
222.405,0,1,1,0
222.505,0,1,1,0
222.605,0,1,1,0
222.705,0,0,1,0
222.805,0,0,1,0
222.905,0,0,0,0
223.005,0,0,0,0
223.105,0,0,1,0
223.205,0,0,0,0
223.305,0,0,1,0
223.405,0,0,1,0
223.505,0,0,0,0
223.605,0,1,1,0
223.705,0,0,1,0
223.805,0,0,0,0
223.905,0,1,1,0
224.005,0,0,1,0
224.105,0,0,0,0
224.205,0,0,1,0
224.305,0,0,1,0
224.405,0,0,1,0
224.505,0,0,1,0
224.605,0,1,0,0
224.705,0,0,1,0
224.805,0,0,0,0
224.905,0,0,1,0
225.005,0,0,1,0
225.105,0,0,1,0
225.205,0,0,1,0
225.305,0,0,1,0
225.405,0,0,1,0
225.505,0,0,1,0
225.605,0,0,0,0
225.705,0,0,1,0
225.805,0,0,1,0
225.905,0,0,0,0
226.005,0,0,1,0
226.105,0,0,1,0
226.205,0,0,1,0
226.305,0,1,1,0
226.405,0,1,1,0
226.505,0,0,1,0
226.605,0,0,1,0
226.705,0,0,0,0
226.805,0,0,1,0
226.905,0,0,0,0
227.005,0,0,1,0
227.105,0,0,1,0
227.205,0,0,1,0
227.305,0,0,1,0
227.405,0,1,1,0
227.505,0,0,1,0
227.605,0,0,1,0
227.705,0,1,1,0
227.805,0,0,1,0
227.905,0,0,1,0
228.005,0,0,1,0
228.105,0,0,1,0
228.205,0,0,1,0
228.305,0,1,1,0
228.405,0,0,1,0
228.505,0,0,1,0
228.605,0,0,1,0
228.705,0,0,0,0
228.805,0,0,0,0
228.905,0,0,1,0
229.005,0,0,1,0
229.105,0,1,1,0
229.205,0,0,0,0
229.305,0,0,1,0
229.405,0,0,1,0
229.505,0,0,1,0
229.605,0,0,0,0
229.705,0,0,1,0
229.805,0,0,1,0
229.905,0,0,1,0
230.005,0,0,1,0
230.105,0,1,1,0
230.205,0,0,1,0
230.305,0,0,1,0
230.405,0,0,1,0
230.505,0,0,1,0
230.605,0,0,0,0
230.705,0,0,1,0
230.805,0,0,0,0
230.905,0,0,0,0
231.005,0,0,0,0
231.105,0,0,1,0
231.205,0,0,0,0
231.305,0,0,1,0
231.405,0,0,0,0
231.505,0,0,1,0
231.605,0,0,1,0
231.705,0,0,0,0
231.805,0,0,1,0
231.905,0,0,1,0
232.005,0,0,1,0
232.105,0,0,1,0
232.205,0,0,1,0
232.305,0,0,1,0
232.405,0,0,1,0
232.505,0,0,1,0
232.605,0,0,1,0
232.705,0,0,1,0
232.805,0,0,1,0
232.905,0,0,1,0
233.005,0,0,0,0
233.105,0,0,0,0
233.205,0,0,0,0
233.305,0,1,1,0
233.405,0,0,1,0
233.505,0,0,0,0
233.605,0,0,1,0
233.705,0,0,1,0
233.805,0,0,1,0
233.905,0,0,0,0
234.005,0,0,0,0
234.105,0,0,1,0
234.205,0,0,1,0
234.305,0,0,1,0
234.405,0,0,1,0
234.505,0,0,1,0
234.605,0,0,1,0
234.705,0,0,0,0
234.805,0,0,1,0
234.905,0,0,1,0
235.005,0,0,1,0
235.105,0,0,0,0
235.205,0,0,0,0
235.305,0,0,0,0
235.405,0,0,0,0
235.505,0,0,0,0
235.605,0,0,1,0
235.705,0,0,1,0
235.805,0,0,0,0
235.905,0,0,0,0
236.005,0,0,0,0
236.105,0,0,0,0
236.205,0,0,1,0
236.305,0,0,1,0
236.405,0,0,1,0
236.505,0,0,0,0
236.605,0,0,0,0
236.705,0,0,1,0
236.805,0,0,1,0
236.905,0,0,0,0
237.005,0,0,1,0
237.105,0,0,0,0
237.205,0,0,1,0
237.305,0,0,1,0
237.405,0,0,1,0
237.505,0,0,0,0
237.605,0,0,0,0
237.705,0,0,0,0
237.805,0,0,1,0
237.905,0,0,0,0
238.005,0,0,0,0
238.105,0,0,0,0
238.205,0,0,0,0
238.305,0,0,0,0
238.405,0,0,1,0
238.505,0,0,1,0
238.605,0,0,0,0
238.705,0,0,1,0
238.805,0,0,1,0
238.905,0,0,1,0
239.005,0,0,0,0
239.105,0,0,0,0
239.205,0,0,1,0
239.305,0,0,1,0
239.405,0,0,1,0
239.505,0,0,1,0
239.605,0,0,0,0
239.705,0,0,1,0
239.805,0,0,1,0
239.905,0,0,1,0
240.005,0,0,1,0
240.105,0,0,1,0
240.205,0,0,1,0
240.305,0,0,0,0
240.405,0,0,1,0
240.505,0,0,0,0
240.605,0,0,0,0
240.705,0,0,1,0
240.805,0,0,1,0
240.905,0,0,1,0
241.005,0,0,1,0
241.105,0,0,1,0
241.205,0,0,1,0
241.305,0,0,0,0
241.405,0,0,0,0
241.505,0,0,1,0
241.605,0,0,1,0
241.705,0,0,1,0
241.805,0,0,0,0
241.905,0,0,0,0
242.005,0,0,1,0
242.105,0,0,1,0
242.205,0,0,0,0
242.305,0,0,1,0
242.405,0,0,0,0
242.505,0,0,1,0
242.605,0,0,0,0
242.705,0,0,1,0
242.805,0,0,0,0
242.905,0,0,1,0
243.005,0,0,0,0
243.105,0,0,0,0
243.205,0,0,0,0
243.305,0,0,0,0
243.405,0,0,1,0
243.505,0,0,1,0
243.605,0,0,0,0
243.705,0,0,1,0
243.805,0,0,0,0
243.905,0,0,1,0
244.005,0,0,0,0
244.105,0,0,1,0
244.205,0,0,1,0
244.305,0,0,0,0
244.405,0,0,0,0
244.505,0,0,1,0
244.605,0,0,0,0
244.705,0,0,1,0
244.805,0,0,0,0
244.905,0,0,0,0
245.005,0,0,0,0
245.105,0,0,1,0
245.205,0,0,0,0
245.305,0,0,1,0
245.405,0,0,1,0
245.505,0,0,0,0
245.605,0,0,1,0
245.705,0,0,0,0
245.805,0,0,1,0
245.905,0,0,0,0
246.005,0,0,0,0
246.105,0,0,0,0
246.205,0,0,0,0
246.305,0,0,1,0
246.405,0,0,1,0
246.505,0,0,1,0
246.605,0,0,1,0
246.705,0,0,0,0
246.805,0,0,0,0
246.905,0,0,1,0
247.005,0,0,0,0
247.105,0,0,1,0
247.205,0,0,0,0
247.305,0,0,1,0
247.405,0,0,0,0
247.505,0,0,1,0
247.605,0,0,1,0
247.705,0,0,0,0
247.805,0,0,0,0
247.905,0,0,0,0
248.005,0,0,1,0
248.105,0,0,1,0
248.205,0,0,1,0
248.305,0,0,1,0
248.405,0,0,1,0
248.505,0,0,0,0
248.605,0,0,0,0
248.705,0,0,0,0
248.805,0,0,1,0
248.905,0,0,1,0
249.005,0,0,1,0
249.105,0,0,0,0
249.205,0,0,1,0
249.305,0,0,1,0
249.405,0,0,1,0
249.505,0,0,1,0
249.605,0,0,0,0
249.705,0,0,0,0
249.805,0,0,1,0
249.905,0,0,0,0
250.005,0,0,0,0
250.105,0,0,1,0
250.205,0,0,1,0
250.305,0,0,1,0
250.405,0,0,1,0
250.505,0,0,1,0
250.605,0,0,0,0
250.705,0,0,1,0
250.805,0,0,1,0
250.905,0,0,1,0
251.005,0,0,0,0
251.105,0,0,1,0
251.205,0,0,1,0
251.305,0,0,0,0
251.405,0,0,1,0
251.505,0,0,0,0
251.605,0,0,1,0
251.705,0,0,1,0
251.805,0,0,0,0
251.905,0,0,1,0
252.005,0,0,1,0
252.105,0,0,1,0
252.205,0,0,1,0
252.305,0,0,0,0
252.405,0,0,0,0
252.505,0,0,0,0
252.605,0,0,1,0
252.705,0,0,1,0
252.805,0,0,1,0
252.905,0,0,1,0
253.005,0,0,1,0
253.105,0,0,1,0
253.205,0,0,1,0
253.305,0,0,1,0
253.405,0,0,0,0
253.505,0,0,0,0
253.605,0,0,1,0
253.705,0,0,1,0
253.805,0,0,1,0
253.905,0,0,1,0
254.005,0,0,1,0
254.105,0,0,1,0
254.205,0,0,1,0
254.305,0,0,1,0
254.405,0,0,1,0
254.505,0,0,0,0
254.605,0,0,1,0
254.705,0,0,0,0
254.805,0,0,1,0
254.905,0,0,1,0
255.005,0,0,1,0
255.105,0,0,1,0
255.205,0,0,1,0
255.305,0,0,0,0
255.405,0,0,0,0
255.505,0,0,1,0
255.605,0,0,1,0
255.705,0,0,0,0
255.805,0,0,1,0
255.905,0,0,1,0
256.005,0,0,1,0
256.105,0,0,1,0
256.205,0,0,1,0
256.305,0,0,1,0
256.405,0,0,1,0
256.505,0,0,1,0
256.605,0,0,0,0
256.705,0,0,1,0
256.805,0,0,1,0
256.905,0,0,1,0
257.005,0,0,1,0
257.105,0,0,0,0
257.205,0,0,0,0
257.305,0,0,1,0
257.405,0,0,1,0
257.505,0,0,1,0
257.605,0,0,1,0
257.705,0,0,1,0
257.805,0,0,1,0
257.905,0,0,1,0
258.005,0,0,0,0
258.105,0,0,1,0
258.205,0,0,0,0
258.305,0,0,0,0
258.405,0,0,1,0
258.505,0,0,1,0
258.605,0,0,0,0
258.705,0,0,1,0
258.805,0,0,1,0
258.905,0,0,1,0
259.005,0,0,0,0
259.105,0,0,1,0
259.205,0,0,0,0
259.305,0,0,0,0
259.405,0,0,0,0
259.505,0,0,0,0
259.605,0,0,1,0
259.705,0,0,0,0
259.805,0,0,1,0
259.905,0,0,1,0
260.005,0,0,1,0
260.105,0,0,0,0
260.205,0,0,0,0
260.305,0,0,1,0
260.405,0,0,1,0
260.505,0,0,1,0
260.605,0,0,0,0
260.705,0,0,1,0
260.805,0,0,1,0
260.905,0,0,1,0
261.005,0,0,0,0
261.105,0,0,1,0
261.205,0,0,1,0
261.305,0,0,0,0
261.405,0,0,1,0
261.505,0,0,0,0
261.605,0,0,1,0
261.705,0,0,0,0
261.805,0,0,0,0
261.905,0,0,1,0
262.005,0,0,1,0
262.105,0,0,1,0
262.205,0,0,1,0
262.305,0,0,1,0
262.405,0,0,1,0
262.505,0,0,1,0
262.605,0,0,1,0
262.705,0,0,1,0
262.805,0,0,0,0
262.905,0,0,0,1
263.005,0,0,0,1
263.105,0,0,1,0
263.205,0,0,0,0
263.305,0,0,1,0
263.405,0,1,1,0
263.505,0,1,0,0
263.605,0,0,1,0
263.705,0,0,0,0
263.805,0,1,1,0
263.905,0,0,0,0
264.005,0,0,0,0
264.105,0,1,0,0
264.205,0,1,1,0
264.305,0,0,1,0
264.405,0,1,1,0
264.505,0,0,0,0
264.605,0,0,1,0
264.705,0,0,0,0
264.805,0,1,1,0
264.905,0,1,1,0
265.005,0,0,1,0
265.105,0,0,0,1
265.205,0,0,0,0
265.305,0,0,0,0
265.405,0,0,0,0
265.505,0,0,0,1
265.605,0,0,0,1
265.705,0,0,0,1
265.805,0,0,0,0
265.905,0,0,0,0
266.005,0,0,0,0
266.105,0,0,0,0
266.205,0,0,0,1
266.305,0,0,0,1
266.405,0,0,0,0
266.505,0,0,1,0
266.605,0,0,0,0
266.705,0,0,0,0
266.805,0,0,0,0
266.905,0,0,0,0
267.005,0,0,0,1
267.105,0,0,0,0
267.205,0,0,0,1
267.305,0,0,1,0
267.405,0,0,0,1
267.505,0,0,0,1
267.605,0,0,0,0
267.705,0,0,0,1
267.805,0,0,0,1
267.905,0,0,0,1
268.005,0,0,0,1
268.105,0,0,0,1
268.205,0,0,0,0
268.305,0,0,0,0
268.405,0,0,1,0
268.505,0,0,0,1
268.605,0,0,0,1
268.705,0,0,0,1
268.805,0,0,0,1
268.905,0,0,0,0
269.005,0,0,0,0
269.105,0,0,0,1
269.205,0,0,0,1
269.305,0,0,0,1
269.405,0,0,0,0
269.505,0,1,0,0
269.605,0,0,1,0
269.705,0,0,1,0
269.805,0,0,1,0
269.905,0,0,0,1
270.005,0,0,1,0
270.105,0,0,1,0
270.205,0,0,1,0
270.305,0,0,1,0
270.405,0,1,1,0
270.505,0,0,1,0
270.605,0,0,0,0
270.705,0,0,0,0
270.805,0,0,1,0
270.905,0,0,1,0
271.005,0,0,1,0
271.105,0,0,1,0
271.205,0,0,0,0
271.305,0,0,0,0
271.405,0,0,1,0
271.505,0,0,1,0
271.605,0,0,0,0
271.705,0,0,0,0
271.805,0,0,0,0
271.905,0,0,1,0
272.005,0,0,1,0
272.105,0,0,0,1
272.205,0,0,1,0
272.305,0,1,0,0
272.405,0,0,1,0
272.505,0,0,0,0
272.605,0,0,1,0
272.705,0,0,1,0
272.805,0,0,1,0
272.905,0,0,1,0
273.005,0,1,1,0
273.105,0,0,1,0
273.205,0,1,0,0
273.305,0,0,1,0
273.405,0,0,1,1
273.505,0,0,1,0
273.605,0,1,1,0
273.705,0,0,1,0
273.805,0,0,0,0
273.905,0,0,1,0
274.005,0,0,0,1
274.105,0,0,0,0
274.205,0,0,0,0
274.305,0,0,1,0
274.405,0,0,1,0
274.505,0,1,1,0
274.605,0,1,1,0
274.705,0,1,0,0
274.805,0,0,0,0
274.905,0,0,1,0
275.005,0,0,1,0
275.105,0,0,1,0
275.205,0,0,1,0
275.305,0,0,0,0
275.405,0,0,0,0
275.505,0,0,1,0
275.605,0,0,0,0
275.705,0,0,0,0
275.805,0,0,1,0
275.905,0,0,1,0
276.005,0,0,1,0
276.105,0,0,0,0
276.205,0,0,0,0
276.305,0,0,1,0
276.405,0,0,1,0
276.505,0,0,1,0
276.605,0,0,0,0
276.705,0,0,1,0
276.805,0,0,1,0
276.905,0,0,1,0
277.005,0,0,1,0
277.105,0,0,0,0
277.205,0,0,1,0
277.305,0,0,1,0
277.405,0,0,1,0
277.505,0,0,1,0
277.605,0,0,0,0
277.705,0,0,1,0
277.805,0,0,0,0
277.905,0,0,1,0
278.005,0,0,1,0
278.105,0,0,1,0
278.205,0,0,1,0
278.305,0,0,1,0
278.405,0,0,1,0
278.505,0,0,1,0
278.605,0,0,0,0
278.705,0,0,1,0
278.805,0,0,0,0
278.905,0,0,1,0
279.005,0,0,0,0
279.105,0,0,1,0
279.205,0,0,1,0
279.305,0,0,0,0
279.405,0,0,1,0
279.505,0,0,1,0
279.605,0,0,1,0
279.705,0,0,1,0
279.805,0,0,1,0
279.905,0,0,0,0
280.005,0,0,1,0
280.105,0,0,0,0
280.205,0,0,1,0
280.305,0,0,0,0
280.405,0,0,1,0
280.505,0,0,1,0
280.605,0,0,1,0
280.705,0,0,0,0
280.805,0,0,1,0
280.905,0,0,0,0
281.005,0,0,0,0
281.105,0,0,1,0
281.205,0,0,1,0
281.305,0,0,0,0
281.405,0,0,1,0
281.505,0,0,1,0
281.605,0,0,1,0
281.705,0,0,0,0
281.805,0,0,0,0
281.905,0,0,1,0
282.005,0,0,0,1
282.105,0,0,0,1
282.205,0,0,0,0
282.305,0,0,0,1
282.405,0,0,0,1
282.505,0,0,0,0
282.605,0,0,0,0
282.705,0,0,0,0
282.805,0,0,1,0
282.905,0,0,1,0
283.005,0,0,0,0
283.105,0,0,0,0
283.205,0,0,0,0
283.305,0,0,1,0
283.405,0,0,1,0
283.505,0,0,1,0
283.605,0,0,0,0
283.705,0,0,1,0
283.805,0,0,1,0
283.905,0,0,1,0
284.005,0,0,1,0
284.105,0,0,1,0
284.205,0,0,1,0
284.305,0,0,1,0
284.405,0,0,0,0
284.505,0,0,1,0
284.605,0,0,1,0
284.705,0,0,1,0
284.805,0,0,1,0
284.905,0,0,1,0
285.005,0,0,1,0
285.105,0,0,0,0
285.205,0,0,0,0
285.305,0,0,1,0
285.405,0,0,0,0
285.505,0,0,1,0
285.605,0,0,1,0
285.705,0,0,1,0
285.805,0,0,1,0
285.905,0,0,0,0
286.005,0,0,0,0
286.105,0,0,1,0
286.205,0,0,1,0
286.305,0,0,1,0
286.405,0,0,0,0
286.505,0,0,1,0
286.605,0,0,1,0
286.705,0,0,0,0
286.805,0,0,1,0
286.905,0,0,1,0
287.005,0,0,1,0
287.105,0,0,1,0
287.205,0,0,1,0
287.305,0,0,0,0
287.405,0,0,1,0
287.505,0,0,1,0
287.605,0,0,0,0
287.705,0,0,1,0
287.805,0,0,1,0
287.905,0,0,0,0
288.005,0,0,0,0
288.105,0,0,1,0
288.205,0,0,1,0
288.305,0,0,1,0
288.405,0,0,0,0
288.505,0,0,0,0
288.605,0,0,0,0
288.705,0,0,0,0
288.805,0,0,0,0
288.905,0,0,1,0
289.005,0,0,0,0
289.105,0,0,1,0
289.205,0,0,1,0
289.305,0,0,0,0
289.405,0,0,1,0
289.505,0,0,1,0
289.605,0,0,1,0
289.705,0,0,1,0
289.805,0,0,0,0
289.905,0,0,0,0
290.005,0,0,0,0
290.105,0,0,0,0
290.205,0,0,1,0
290.305,0,0,0,0
290.405,0,0,0,0
290.505,0,0,1,0
290.605,0,0,0,0
290.705,0,0,1,0
290.805,0,0,1,0
290.905,0,0,0,0
291.005,0,0,0,0
291.105,0,0,1,0
291.205,0,0,0,0
291.305,0,0,0,0
291.405,0,0,0,0
291.505,0,0,1,0
291.605,0,0,1,0
291.705,0,0,0,0
291.805,0,0,1,0
291.905,0,0,1,0
292.005,0,0,1,0
292.105,0,0,1,0
292.205,0,0,1,0
292.305,0,0,1,0
292.405,0,0,1,0
292.505,0,0,0,0
292.605,0,0,0,0
292.705,0,0,1,0
292.805,0,0,1,0
292.905,0,0,0,0
293.005,0,0,1,0
293.105,0,0,0,0
293.205,0,0,0,0
293.305,0,0,0,0
293.405,0,0,0,0
293.505,0,0,0,0
293.605,0,0,1,0
293.705,0,0,1,0
293.805,0,0,1,0
293.905,0,0,1,0
294.005,0,0,0,0
294.105,0,0,0,0
294.205,0,0,1,0
294.305,0,0,0,0
294.405,0,0,0,0
294.505,0,0,1,0
294.605,0,0,1,0
294.705,0,0,1,0
294.805,0,0,0,0
294.905,0,0,1,0
295.005,0,0,1,0
295.105,0,0,1,0
295.205,0,0,1,0
295.305,0,0,0,0
295.405,0,0,1,0
295.505,0,0,0,0
295.605,0,0,0,0
295.705,0,0,1,0
295.805,0,0,1,0
295.905,0,0,0,0
296.005,0,0,1,0
296.105,0,0,0,0
296.205,0,0,1,0
296.305,0,0,0,0
296.405,0,0,0,0
296.505,0,0,1,0
296.605,0,0,1,0
296.705,0,0,0,0
296.805,0,0,0,0
296.905,0,0,1,0
297.005,0,0,0,0
297.105,0,0,0,0
297.205,0,0,0,0
297.305,0,0,1,0
297.405,0,0,1,0
297.505,0,0,0,0
297.605,0,0,0,0
297.705,0,0,0,0
297.805,0,0,1,0
297.905,0,0,1,0
298.005,0,0,0,0
298.105,0,0,1,0
298.205,0,0,0,0
298.305,0,0,0,0
298.405,0,0,1,0
298.505,0,0,0,0
298.605,0,0,0,0
298.705,0,0,0,0
298.805,0,0,0,0
298.905,0,0,1,0
299.005,0,0,0,0
299.105,0,0,0,0
299.205,0,0,0,0
299.305,0,0,1,0
299.405,0,0,1,0
299.505,0,0,1,0
299.605,0,0,0,0
299.705,0,0,0,0
299.805,0,0,1,0
299.905,0,0,1,0
300.005,0,0,0,0
300.105,0,0,0,0
300.205,0,0,1,0
300.305,0,0,1,0
300.405,0,0,1,0
300.505,0,1,0,0
300.605,0,1,1,0
300.705,0,0,0,0
300.805,0,0,1,0
300.905,0,0,0,0
301.005,0,0,1,0
301.105,0,0,1,0
301.205,0,0,0,0
301.305,0,0,0,0
301.405,0,0,0,0
301.505,0,0,0,0
301.605,0,0,0,0
301.705,0,0,1,0
301.805,0,0,1,0
301.905,0,0,0,0
302.005,0,0,1,0
302.105,0,0,0,0
302.205,0,0,1,0
302.305,0,0,0,0
302.405,0,0,0,0
302.505,0,0,1,0
302.605,0,0,0,0
302.705,0,0,1,0
302.805,0,0,1,0
302.905,0,0,0,0
303.005,0,0,0,0
303.105,0,0,0,0
303.205,0,0,1,0
303.305,0,0,1,0
303.405,0,0,0,0
303.505,0,0,1,0
303.605,0,0,0,0
303.705,0,0,0,0
303.805,0,0,1,0
303.905,0,0,0,0
304.005,0,0,0,0
304.105,0,0,1,0
304.205,0,0,1,0
304.305,0,0,1,0
304.405,0,0,1,0
304.505,0,0,0,0
304.605,0,0,1,0
304.705,0,0,1,0
304.805,0,0,0,0
304.905,0,0,1,0
305.005,0,0,0,0
305.105,0,0,1,0
305.205,0,0,0,0
305.305,0,0,1,0
305.405,0,0,1,0
305.505,0,0,0,0
305.605,0,0,0,0
305.705,0,0,1,0
305.805,0,0,1,0
305.905,0,0,1,0
306.005,0,0,1,0
306.105,0,0,1,0
306.205,0,0,0,0
306.305,0,0,1,0
306.405,0,0,1,0
306.505,0,0,0,0
306.605,0,0,1,0
306.705,0,0,0,0
306.805,0,0,1,0
306.905,0,0,1,0
307.005,0,0,1,0
307.105,0,0,1,0
307.205,0,0,1,0
307.305,0,0,1,0
307.405,0,0,1,0
307.505,0,0,1,0
307.605,0,0,1,0
307.705,0,0,1,0
307.805,0,0,1,0
307.905,0,0,1,0
308.005,0,0,0,0
308.105,0,0,0,0
308.205,0,0,1,0
308.305,0,0,0,0
308.405,0,0,0,0
308.505,0,0,0,0
308.605,0,0,1,0
308.705,0,0,1,0
308.805,0,0,1,0
308.905,0,0,1,0
309.005,0,0,1,0
309.105,0,0,1,0
309.205,0,0,0,0
309.305,0,0,1,0
309.405,0,0,1,0
309.505,0,0,1,0
309.605,0,0,1,0
309.705,0,0,1,0
309.805,0,0,1,0
309.905,0,0,1,0
310.005,0,0,1,0
310.105,0,0,1,0
310.205,0,0,1,0
310.305,0,0,0,0
310.405,0,0,1,0
310.505,0,0,1,0
310.605,0,0,0,0
310.705,0,0,1,0
310.805,0,0,1,0
310.905,0,0,1,0
311.005,0,0,1,0
311.105,0,0,1,0
311.205,0,0,0,0
311.305,0,0,1,0
311.405,0,0,0,0
311.505,0,0,1,0
311.605,0,0,1,0
311.705,0,0,0,0
311.805,0,0,1,0
311.905,0,0,1,0
312.005,0,0,1,0
312.105,0,0,1,0
312.205,0,0,0,0
312.305,0,0,0,0
312.405,0,0,1,0
312.505,0,0,1,0
312.605,0,0,1,0
312.705,0,0,1,0
312.805,0,0,0,0
312.905,0,0,1,0
313.005,0,0,1,0
313.105,0,0,1,0
313.205,0,0,1,0
313.305,0,0,1,0
313.405,0,0,1,0
313.505,0,0,0,0
313.605,0,0,0,0
313.705,0,0,1,0
313.805,0,0,1,0
313.905,0,0,1,0
314.005,0,0,1,0
314.105,0,0,1,0
314.205,0,0,1,0
314.305,0,0,0,0
314.405,0,0,1,0
314.505,0,0,1,0
314.605,0,0,1,0
314.705,0,0,1,0
314.805,0,0,1,0
314.905,0,0,1,0
315.005,0,0,0,0
315.105,0,0,0,0
315.205,0,0,1,0
315.305,0,0,1,0
315.405,0,0,0,0
315.505,0,0,1,0
315.605,0,0,1,0
315.705,0,0,1,0
315.805,0,0,0,0
315.905,0,0,0,0
316.005,0,0,1,0
316.105,0,0,0,0
316.205,0,0,1,0
316.305,0,0,1,0
316.405,0,0,1,0
316.505,0,0,1,0
316.605,0,0,1,0
316.705,0,0,0,0
316.805,0,0,1,0
316.905,0,0,0,0
317.005,0,0,0,0
317.105,0,0,1,0
317.205,0,0,1,0
317.305,0,0,0,0
317.405,0,0,1,0
317.505,0,0,1,0
317.605,0,0,1,0
317.705,0,0,1,0
317.805,0,0,0,0
317.905,0,0,1,0
318.005,0,0,0,0
318.105,0,0,1,0
318.205,0,0,1,0
318.305,0,0,1,0
318.405,0,0,1,0
318.505,0,0,1,0
318.605,0,0,1,0
318.705,0,0,1,0
318.805,0,0,1,0
318.905,0,0,1,0
319.005,0,0,0,0
319.105,0,0,1,0
319.205,0,0,1,0
319.305,0,0,1,0
319.405,0,0,1,0
319.505,0,0,1,0
319.605,0,0,1,0
319.705,0,0,1,0
319.805,0,0,1,0
319.905,0,0,0,0
320.005,0,0,1,0
320.105,0,0,1,0
320.205,0,0,1,0
320.305,0,0,1,0
320.405,0,0,0,0
320.505,0,0,1,0
320.605,0,0,0,0
320.705,0,0,0,0
320.805,0,0,0,0
320.905,0,0,1,0
321.005,0,0,1,0
321.105,0,0,1,0
321.205,0,0,1,0
321.305,0,0,0,0
321.405,0,0,1,0
321.505,0,0,1,0
321.605,0,0,1,0
321.705,0,0,1,0
321.805,0,0,1,0
321.905,0,0,1,0
322.005,0,0,0,0
322.105,0,0,0,0
322.205,0,0,0,0
322.305,0,0,1,0
322.405,0,0,1,0
322.505,0,0,1,0
322.605,0,0,0,0
322.705,0,0,0,0
322.805,0,0,1,0
322.905,0,0,1,0
323.005,0,0,1,0
323.105,0,0,0,0
323.205,0,0,1,0
323.305,0,0,1,0
323.405,0,0,1,0
323.505,0,0,0,0
323.605,0,0,1,0
323.705,0,0,1,0
323.805,0,0,0,0
323.905,0,0,0,0
324.005,0,0,0,0
324.105,0,0,1,0
324.205,0,0,1,0
324.305,0,0,1,0
324.405,0,0,1,0
324.505,0,0,1,0
324.605,0,0,0,0
324.705,0,0,0,0
324.805,0,0,1,0
324.905,0,0,1,0
325.005,0,0,1,0
325.105,0,0,1,0
325.205,0,0,1,0
325.305,0,0,1,0
325.405,0,0,1,0
325.505,0,0,1,0
325.605,0,0,1,0
325.705,0,0,0,0
325.805,0,0,1,0
325.905,0,0,0,0
326.005,0,0,0,0
326.105,0,0,1,0
326.205,0,0,1,0
326.305,0,0,0,0
326.405,0,0,0,0
326.505,0,0,0,0
326.605,0,0,1,0
326.705,0,0,1,0
326.805,0,0,0,0
326.905,0,0,1,0
327.005,0,0,0,0
327.105,0,0,0,0
327.205,0,0,1,0
327.305,0,0,0,0
327.405,0,0,0,0
327.505,0,0,1,0
327.605,0,0,1,0
327.705,0,0,1,0
327.805,0,0,0,0
327.905,0,0,1,0
328.005,0,0,1,0
328.105,0,0,1,0
328.205,0,0,1,0
328.305,0,0,1,0
328.405,0,0,1,0
328.505,0,0,0,0
328.605,0,0,0,0
328.705,0,0,1,0
328.805,0,0,1,0
328.905,0,0,1,0
329.005,0,0,1,0
329.105,0,0,0,0
329.205,0,0,1,0
329.305,0,0,0,0
329.405,0,0,1,0
329.505,0,0,1,0
329.605,0,0,1,0
329.705,0,0,1,0
329.805,0,0,0,0
329.905,0,0,1,0
330.005,0,0,0,0
330.105,0,0,1,0
330.205,0,0,1,0
330.305,0,0,1,0
330.405,0,0,1,0
330.505,0,0,1,0
330.605,0,0,0,0
330.705,0,0,1,0
330.805,0,0,0,0
330.905,0,0,1,0
331.005,0,0,0,0
331.105,0,0,0,0
331.205,0,0,0,0
331.305,0,0,1,0
331.405,0,0,1,0
331.505,0,0,1,0
331.605,0,0,1,0
331.705,0,0,1,0
331.805,0,0,1,0
331.905,0,0,1,0
332.005,0,0,0,0
332.105,0,0,1,0
332.205,0,0,1,0
332.305,0,0,0,0
332.405,0,0,0,0
332.505,0,0,0,0
332.605,0,0,1,0
332.705,0,0,1,0
332.805,0,0,1,0
332.905,0,0,1,0
333.005,0,0,1,0
333.105,0,0,1,0
333.205,0,0,0,0
333.305,0,0,1,0
333.405,0,0,1,0
333.505,0,0,1,0
333.605,0,0,1,0
333.705,0,0,0,0
333.805,0,0,1,0
333.905,0,0,1,0
334.005,0,0,1,0
334.105,0,0,0,0
334.205,0,0,1,0
334.305,0,0,0,0
334.405,0,0,1,0
334.505,0,0,0,0
334.605,0,0,1,0
334.705,0,0,0,0
334.805,0,0,1,0
334.905,0,0,1,0
335.005,0,0,0,0
335.105,0,0,1,0
335.205,0,0,1,0
335.305,0,0,0,0
335.405,0,0,0,0
335.505,0,0,1,0
335.605,0,0,0,0
335.705,0,0,1,0
335.805,0,0,1,0
335.905,0,0,0,0
336.005,0,0,0,0
336.105,0,0,1,0
336.205,0,0,1,0
336.305,0,0,0,0
336.405,0,0,1,0
336.505,0,0,0,0
336.605,0,0,1,0
336.705,0,0,1,0
336.805,0,0,1,0
336.905,0,0,1,0
337.005,0,0,1,0
337.105,0,0,0,0
337.205,0,0,1,0
337.305,0,0,1,0
337.405,0,0,1,0
337.505,0,0,0,0
337.605,0,0,1,0
337.705,0,0,1,0
337.805,0,0,0,0
337.905,0,0,0,0
338.005,0,0,1,0
338.105,0,0,1,0
338.205,0,0,1,0
338.305,0,0,1,0
338.405,0,0,0,0
338.505,0,0,1,0
338.605,0,0,0,0
338.705,0,0,0,0
338.805,0,0,1,0
338.905,0,0,0,0
339.005,0,0,1,0
339.105,0,0,0,0
339.205,0,0,0,0
339.305,0,0,0,0
339.405,0,0,1,0
339.505,0,0,0,0
339.605,0,0,0,0
339.705,0,0,1,0
339.805,0,0,1,0
339.905,0,0,1,0
340.005,0,0,1,0
340.105,0,0,0,0
340.205,0,0,0,0
340.305,0,0,0,0
340.405,0,0,0,0
340.505,0,0,1,0
340.605,0,0,0,0
340.705,0,0,0,0
340.805,0,0,1,0
340.905,0,0,1,0
341.005,0,0,1,0
341.105,0,0,0,0
341.205,0,0,1,0
341.305,0,0,0,0
341.405,0,0,0,0
341.505,0,0,1,0
341.605,0,0,1,0
341.705,0,0,1,0
341.805,0,0,1,0
341.905,0,0,1,0
342.005,0,0,0,0
342.105,0,0,1,0
342.205,0,0,1,0
342.305,0,0,1,0
342.405,0,0,1,0
342.505,0,0,1,0
342.605,0,0,0,0
342.705,0,0,1,0
342.805,0,0,0,0
342.905,0,0,0,0
343.005,0,0,0,0
343.105,0,0,1,0
343.205,0,0,0,0
343.305,0,0,0,0
343.405,0,0,1,0
343.505,0,0,0,0
343.605,0,0,0,0
343.705,0,0,1,0
343.805,0,0,1,0
343.905,0,0,1,0
344.005,0,0,0,0
344.105,0,0,0,0
344.205,0,0,1,0
344.305,0,0,0,0
344.405,0,0,1,0
344.505,0,0,0,0
344.605,0,0,1,0
344.705,0,0,1,0
344.805,0,0,0,0
344.905,0,0,0,0
345.005,0,0,1,0
345.105,0,0,0,0
345.205,0,0,1,0
345.305,0,0,0,0
345.405,0,0,0,0
345.505,0,0,1,0
345.605,0,0,1,0
345.705,0,0,0,0
345.805,0,0,1,0
345.905,0,0,1,0
346.005,0,0,0,0
346.105,0,0,1,0
346.205,0,0,1,0
346.305,0,0,1,0
346.405,0,0,1,0
346.505,0,0,1,0
346.605,0,0,1,0
346.705,0,0,1,0
346.805,0,0,1,0
346.905,0,0,0,0
347.005,0,0,0,0
347.105,0,0,1,0
347.205,0,0,1,0
347.305,0,0,1,0
347.405,0,0,1,0
347.505,0,0,1,0
347.605,0,0,1,0
347.705,0,0,1,0
347.805,0,0,1,0
347.905,0,0,1,0
348.005,0,0,1,0
348.105,0,0,1,0
348.205,0,0,0,0
348.305,0,0,1,0
348.405,0,0,1,0
348.505,0,0,1,0
348.605,0,0,1,0
348.705,0,0,0,0
348.805,0,0,0,0
348.905,0,0,1,0
349.005,0,0,1,0
349.105,0,0,1,0
349.205,0,0,1,0
349.305,0,0,1,0
349.405,0,0,1,0
349.505,0,0,0,0
349.605,0,0,1,0
349.705,0,0,1,0
349.805,0,0,0,0
349.905,0,0,1,0
350.005,0,0,0,0
350.105,0,0,1,0
350.205,0,0,0,0
350.305,0,0,0,0
350.405,0,0,1,0
350.505,0,0,1,0
350.605,0,0,0,0
350.705,0,0,0,0
350.805,0,0,1,0
350.905,0,0,1,0
351.005,0,0,1,0
351.105,0,0,1,0
351.205,0,0,0,0
351.305,0,0,1,0
351.405,0,0,0,0
351.505,0,0,0,0
351.605,0,0,1,0
351.705,0,0,0,0
351.805,0,0,1,0
351.905,0,0,1,0
352.005,0,0,0,0
352.105,0,0,1,0
352.205,0,0,1,0
352.305,0,0,0,0
352.405,0,0,0,0
352.505,0,0,1,0
352.605,0,0,0,0
352.705,0,0,0,0
352.805,0,0,1,0
352.905,0,0,0,0
353.005,0,0,1,0
353.105,0,0,1,0
353.205,0,0,1,0
353.305,0,0,1,0
353.405,0,0,1,0
353.505,0,0,0,0
353.605,0,0,1,0
353.705,0,0,1,0
353.805,0,0,0,0
353.905,0,0,1,0
354.005,0,0,0,0
354.105,0,0,1,0
354.205,0,0,1,0
354.305,0,0,1,0
354.405,0,0,1,0
354.505,0,0,1,0
354.605,0,0,1,0
354.705,0,0,1,0
354.805,0,0,0,0
354.905,0,0,0,0
355.005,0,0,1,0
355.105,0,0,1,0
355.205,0,0,1,0
355.305,0,0,1,0
355.405,0,0,0,0
355.505,0,0,1,0
355.605,0,0,0,0
355.705,0,0,0,0
355.805,0,0,1,0
355.905,0,0,1,0
356.005,0,0,1,0
356.105,0,0,0,0
356.205,0,0,1,0
356.305,0,0,0,0
356.405,0,0,1,0
356.505,0,0,1,0
356.605,0,0,1,0
356.705,0,0,0,0
356.805,0,0,1,0
356.905,0,0,1,0
357.005,0,0,1,0
357.105,0,0,1,0
357.205,0,0,1,0
357.305,0,0,1,0
357.405,0,0,1,0
357.505,0,0,1,0
357.605,0,0,0,0
357.705,0,0,1,0
357.805,0,0,1,0
357.905,0,0,0,0
358.005,0,0,1,0
358.105,0,0,1,0
358.205,0,0,0,0
358.305,0,0,0,0
358.405,0,0,0,0
358.505,0,0,1,0
358.605,0,0,0,0
358.705,0,0,1,0
358.805,0,0,1,0
358.905,0,0,0,0
359.005,0,0,1,0
359.105,0,0,0,0
359.205,0,0,1,0
359.305,0,0,1,0
359.405,0,0,1,0
359.505,0,0,1,0
359.605,0,0,0,0
359.705,0,0,1,0
359.805,0,0,0,0
359.905,0,0,0,0
360.005,0,0,1,0
360.105,0,0,0,0
360.205,0,0,1,0
360.305,0,0,1,0
360.405,0,0,1,0
360.505,0,0,1,0
360.605,0,0,1,0
360.705,0,0,1,0
360.805,0,0,1,0
360.905,0,0,1,0
361.005,0,0,1,0
361.105,0,0,0,0
361.205,0,0,1,0
361.305,0,0,1,0
361.405,0,0,0,0
361.505,0,0,0,0
361.605,0,0,0,0
361.705,0,0,1,0
361.805,0,0,1,0
361.905,0,0,1,0
362.005,0,0,1,0
362.105,0,0,0,0
362.205,0,0,1,0
362.305,0,0,0,0
362.405,0,0,1,0
362.505,0,0,0,0
362.605,0,0,1,0
362.705,0,0,1,0
362.805,0,0,0,0
362.905,0,0,1,0
363.005,0,0,0,0
363.105,0,0,0,0
363.205,0,0,0,0
363.305,0,0,1,0
363.405,0,0,1,0
363.505,0,0,1,0
363.605,0,0,1,0
363.705,0,0,1,0
363.805,0,0,1,0
363.905,0,0,1,0
364.005,0,0,1,0
364.105,0,0,1,0
364.205,0,0,1,0
364.305,0,0,1,0
364.405,0,0,0,0
364.505,0,0,1,0
364.605,0,0,1,0
364.705,0,0,1,0
364.805,0,0,0,0
364.905,0,0,1,0
365.005,0,0,0,0
365.105,0,0,0,0
365.205,0,0,1,0
365.305,0,0,1,0
365.405,0,0,0,0
365.505,0,0,1,0
365.605,0,0,0,0
365.705,0,0,1,0
365.805,0,0,0,0
365.905,0,0,1,0
366.005,0,0,0,0
366.105,0,0,1,0
366.205,0,0,1,0
366.305,0,0,1,0
366.405,0,0,1,0
366.505,0,0,1,0
366.605,0,0,1,0
366.705,0,0,1,0
366.805,0,0,1,0
366.905,0,0,1,0
367.005,0,0,1,0
367.105,0,0,1,0
367.205,0,0,0,0
367.305,0,0,1,0
367.405,0,0,1,0
367.505,0,0,1,0
367.605,0,0,1,0
367.705,0,0,0,0
367.805,0,0,0,0
367.905,0,0,1,0
368.005,0,0,1,0
368.105,0,0,1,0
368.205,0,0,1,0
368.305,0,0,0,0
368.405,0,0,1,0
368.505,0,0,0,0
368.605,0,0,1,0
368.705,0,0,0,0
368.805,0,0,1,0
368.905,0,0,1,0
369.005,0,0,1,0
369.105,0,0,1,0
369.205,0,0,0,0
369.305,0,0,1,0
369.405,0,0,1,0
369.505,0,0,1,0
369.605,0,0,1,0
369.705,0,0,1,0
369.805,0,0,0,0
369.905,0,0,1,0
370.005,0,0,1,0
370.105,0,0,0,0
370.205,0,0,1,0
370.305,0,0,1,0
370.405,0,0,1,0
370.505,0,0,1,0
370.605,0,0,1,0
370.705,0,0,1,0
370.805,0,0,1,0
370.905,0,0,1,0
371.005,0,0,1,0
371.105,0,0,1,0
371.205,0,0,1,0
371.305,0,0,0,0
371.405,0,0,0,0
371.505,0,0,1,0
371.605,0,0,1,0
371.705,0,0,1,0
371.805,0,0,1,0
371.905,0,0,1,0
372.005,0,0,0,0
372.105,0,0,1,0
372.205,0,0,1,0
372.305,0,0,1,0
372.405,0,0,1,0
372.505,0,0,1,0
372.605,0,0,0,0
372.705,0,0,1,0
372.805,0,0,0,0
372.905,0,0,1,0
373.005,0,0,1,0
373.105,0,0,0,0
373.205,0,0,1,0
373.305,0,0,1,0
373.405,0,0,0,0
373.505,0,0,1,0
373.605,0,0,1,0
373.705,0,0,1,0
373.805,0,0,1,0
373.905,0,0,1,0
374.005,0,0,1,0
374.105,0,0,1,0
374.205,0,0,1,0
374.305,0,0,1,0
374.405,0,0,0,0
374.505,0,0,1,0
374.605,0,0,1,0
374.705,0,0,0,0
374.805,0,0,0,0
374.905,0,0,1,0
375.005,0,0,1,0
375.105,0,0,1,0
375.205,0,0,0,0
375.305,0,0,1,0
375.405,0,0,1,0
375.505,0,0,1,0
375.605,0,0,1,0
375.705,0,0,0,0
375.805,0,0,1,0
375.905,0,0,0,0
376.005,0,0,1,0
376.105,0,0,1,0
376.205,0,0,1,0
376.305,0,0,1,0
376.405,0,0,1,0
376.505,0,0,1,0
376.605,0,0,1,0
376.705,0,0,1,0
376.805,0,0,1,0
376.905,0,0,1,0
377.005,0,0,1,0
377.105,0,0,0,0
377.205,0,0,1,0
377.305,0,0,1,0
377.405,0,0,1,0
377.505,0,0,1,0
377.605,0,0,1,0
377.705,0,0,1,0
377.805,0,0,1,0
377.905,0,0,1,0
378.005,0,0,0,0
378.105,1,0,0,0
378.205,1,0,0,0
378.305,0,0,0,1
378.405,0,0,0,0
378.505,1,0,0,0
378.605,0,0,0,0
378.705,1,0,0,0
378.805,1,0,0,0
378.905,0,0,0,0
379.005,1,0,0,0
379.105,1,0,0,0
379.205,1,0,0,0
379.305,0,0,0,0
379.405,1,0,0,0
379.505,1,0,0,0
379.605,1,0,0,1
379.705,1,0,0,1
379.805,0,0,0,1
379.905,1,0,0,0
380.005,0,1,0,0
380.105,0,0,0,0
380.205,0,0,0,0
380.305,0,0,0,0
380.405,0,0,1,0
380.505,0,0,1,0
380.605,0,0,1,0
380.705,0,0,1,0
380.805,0,0,1,0
380.905,0,0,1,0
381.005,0,0,1,0
381.105,0,0,1,0
381.205,0,0,1,0
381.305,0,0,1,0
381.405,0,0,1,0
381.505,0,0,1,0
381.605,0,0,1,0
381.705,0,0,1,0
381.805,0,0,1,0
381.905,0,0,1,0
382.005,0,0,1,0
382.105,0,0,1,0
382.205,0,0,1,0
382.305,0,0,1,0
382.405,0,0,1,0
382.505,0,0,1,0
382.605,0,0,1,0
382.705,0,0,1,0
382.805,0,0,1,0
382.905,0,0,1,0
383.005,0,0,1,0
383.105,0,0,1,0
383.205,0,0,1,0
383.305,0,0,1,0
383.405,0,0,1,0
383.505,0,0,0,0
383.605,0,0,1,0
383.705,0,0,1,0
383.805,0,0,1,0
383.905,0,0,1,0
384.005,0,0,1,0
384.105,0,0,1,0
384.205,0,0,0,0
384.305,0,0,1,0
384.405,0,0,1,0
384.505,0,0,1,0
384.605,0,0,1,0
384.705,0,0,1,0
384.805,0,0,1,0
384.905,0,0,0,0
385.005,0,0,1,0
385.105,0,0,1,0
385.205,0,0,1,0
385.305,0,0,1,0
385.405,0,0,0,0
385.505,0,0,1,0
385.605,0,0,1,0
385.705,0,0,1,0
385.805,0,0,1,0
385.905,0,0,0,0
386.005,0,0,0,0
386.105,0,0,1,0
386.205,0,1,1,0
386.305,0,0,1,0
386.405,0,0,1,0
386.505,0,0,0,0
386.605,0,0,1,0
386.705,0,0,1,0
386.805,0,0,0,0
386.905,0,0,1,0
387.005,0,1,1,0
387.105,0,1,1,0
387.205,0,0,1,0
387.305,0,0,1,0
387.405,0,0,1,0
387.505,0,0,0,0
387.605,0,0,1,0
387.705,0,0,1,0
387.805,0,0,1,0
387.905,0,0,1,0
388.005,0,0,1,0
388.105,0,1,1,0
388.205,0,0,1,0
388.305,0,0,1,0
388.405,0,0,0,0
388.505,0,0,1,0
388.605,0,0,1,0
388.705,0,0,0,0
388.805,0,0,1,0
388.905,0,0,1,0
389.005,0,0,0,0
389.105,0,0,1,0
389.205,0,0,0,0
389.305,0,0,1,0
389.405,0,0,0,0
389.505,0,0,1,0
389.605,0,0,0,0
389.705,0,0,1,0
389.805,0,0,1,0
389.905,0,0,1,0
390.005,0,0,1,0
390.105,0,0,1,0
390.205,0,0,1,0
390.305,0,0,1,0
390.405,0,0,1,0
390.505,0,0,0,0
390.605,0,0,1,0
390.705,0,0,1,0
390.805,0,0,1,0
390.905,0,1,1,0
391.005,0,0,1,0
391.105,0,0,1,0
391.205,0,1,1,0
391.305,0,0,0,0
391.405,0,0,1,0
391.505,0,0,0,0
391.605,0,0,1,0
391.705,0,0,0,0
391.805,0,0,1,0
391.905,0,0,1,0
392.005,0,0,1,0
392.105,0,0,1,0
392.205,0,0,0,0
392.305,0,0,1,0
392.405,0,0,1,0
392.505,0,0,1,0
392.605,0,0,0,0
392.705,0,0,1,0
392.805,0,0,1,0
392.905,0,0,1,0
393.005,0,0,1,0
393.105,0,0,1,0
393.205,0,0,0,0
393.305,0,0,1,0
393.405,0,0,1,0
393.505,0,0,0,0
393.605,0,0,0,0
393.705,0,0,1,0
393.805,0,0,1,0
393.905,0,0,1,0
394.005,0,0,0,0
394.105,0,0,1,0
394.205,0,0,0,1
394.305,0,0,1,0
394.405,0,0,1,0
394.505,0,0,0,0
394.605,0,0,0,0
394.705,0,0,1,0
394.805,0,0,1,0
394.905,0,0,1,0
395.005,0,0,1,0
395.105,0,0,1,0
395.205,0,0,0,0
395.305,0,0,1,0
395.405,0,0,1,0
395.505,0,0,1,0
395.605,0,0,1,0
395.705,0,0,0,0
395.805,0,0,1,0
395.905,0,0,0,0
396.005,0,0,1,0
396.105,0,0,0,0
396.205,0,0,1,0
396.305,0,0,1,0
396.405,0,0,1,0
396.505,0,0,1,0
396.605,0,0,1,0
396.705,0,0,1,0
396.805,0,0,1,0
396.905,0,0,1,0
397.005,0,0,1,0
397.105,0,0,1,0
397.205,0,0,1,0
397.305,0,0,0,0
397.405,0,0,0,0
397.505,0,0,1,0
397.605,0,0,0,0
397.705,0,0,0,0
397.805,0,0,1,0
397.905,0,0,0,0
398.005,0,0,1,0
398.105,0,0,0,0
398.205,0,0,1,0
398.305,0,0,1,0
398.405,0,0,0,0
398.505,0,0,1,0
398.605,0,0,1,0
398.705,0,0,1,0
398.805,0,0,1,0
398.905,0,0,1,0
399.005,0,0,0,0
399.105,0,0,1,0
399.205,0,0,1,0
399.305,0,0,1,0
399.405,0,0,1,0
399.505,0,0,0,0
399.605,0,0,1,0
399.705,0,0,1,0
399.805,0,0,0,0
399.905,0,0,0,0
400.005,0,0,1,0
400.105,0,0,1,0
400.205,0,0,1,0
400.305,0,0,1,0
400.405,0,0,1,0
400.505,0,0,1,0
400.605,0,0,1,0
400.705,0,0,1,0
400.805,0,0,1,0
400.905,0,0,0,0
401.005,0,0,1,0
401.105,0,0,1,0
401.205,0,0,1,0
401.305,0,0,1,0
401.405,0,0,1,0
401.505,0,0,1,0
401.605,0,0,0,0
401.705,0,0,1,0
401.805,0,0,1,0
401.905,0,0,1,0
402.005,0,0,1,0
402.105,0,0,1,0
402.205,0,0,1,0
402.305,0,0,0,0
402.405,0,0,1,0
402.505,0,0,1,0
402.605,0,0,0,0
402.705,0,0,0,0
402.805,0,0,1,0
402.905,0,0,1,0
403.005,0,0,0,0
403.105,0,0,1,0
403.205,0,0,1,0
403.305,0,0,1,0
403.405,0,0,1,0
403.505,0,0,1,0
403.605,0,0,1,0
403.705,0,0,0,0
403.805,0,0,0,0
403.905,0,0,1,0
404.005,0,0,1,0
404.105,0,0,1,0
404.205,0,0,1,0
404.305,0,0,0,0
404.405,0,1,1,0
404.505,0,0,0,0
404.605,0,1,1,0
404.705,0,1,1,0
404.805,0,0,1,0
404.905,0,0,1,0
405.005,0,0,0,0
405.105,0,0,0,0
405.205,0,0,1,0
405.305,0,0,1,0
405.405,0,0,0,0
405.505,0,0,1,0
405.605,0,0,1,0
405.705,0,0,1,0
405.805,0,0,1,0
405.905,0,0,0,0
406.005,0,0,1,0
406.105,0,0,1,0
406.205,0,0,1,0
406.305,0,0,0,0
406.405,0,0,1,0
406.505,0,0,1,0
406.605,0,0,1,0
406.705,0,0,0,0
406.805,0,1,1,0
406.905,0,0,1,0
407.005,0,0,1,0
407.105,0,0,1,0
407.205,0,0,1,0
407.305,0,1,1,0
407.405,0,0,1,0
407.505,0,0,1,0
407.605,0,0,0,0
407.705,0,0,0,0
407.805,0,0,1,0
407.905,0,1,1,0
408.005,0,0,1,0
408.105,0,0,1,0
408.205,0,0,1,0
408.305,0,0,1,0
408.405,0,0,1,0
408.505,0,0,1,0
408.605,0,0,0,0
408.705,0,0,1,0
408.805,0,0,0,0
408.905,0,0,0,0
409.005,0,0,1,0
409.105,0,1,1,0
409.205,0,0,1,0
409.305,0,0,1,0
409.405,0,0,1,0
409.505,0,1,1,0
409.605,0,0,1,0
409.705,0,0,1,0
409.805,0,1,1,0
409.905,0,0,1,0
410.005,0,1,1,0
410.105,0,0,1,0
410.205,0,1,1,0
410.305,0,0,0,0
410.405,0,1,1,0
410.505,0,0,1,0
410.605,0,1,1,0
410.705,0,1,1,0
410.805,0,1,1,0
410.905,0,0,1,0
411.005,0,0,1,0
411.105,0,0,1,0
411.205,0,0,0,0
411.305,0,0,1,0
411.405,0,0,1,0
411.505,0,0,1,0
411.605,0,1,1,0
411.705,0,0,0,0
411.805,0,0,1,0
411.905,0,0,1,0
412.005,0,0,0,0
412.105,0,0,0,0
412.205,0,0,0,0
412.305,0,0,1,0
412.405,0,0,1,0
412.505,0,0,1,0
412.605,0,0,1,0
412.705,0,0,1,0
412.805,0,0,1,0
412.905,0,0,0,0
413.005,0,0,1,0
413.105,0,0,1,0
413.205,0,0,1,0
413.305,0,0,1,0
413.405,0,0,1,0
413.505,0,0,0,0
413.605,0,0,0,0
413.705,0,0,1,0
413.805,0,0,0,0
413.905,0,0,1,0
414.005,0,0,0,0
414.105,0,0,1,0
414.205,0,0,1,0
414.305,0,0,0,0
414.405,0,0,0,0
414.505,0,0,1,0
414.605,0,0,1,0
414.705,0,1,1,0
414.805,0,0,0,0
414.905,0,1,1,0
415.005,0,0,0,0
415.105,0,0,1,0
415.205,0,0,1,0
415.305,0,0,0,0
415.405,0,0,0,0
415.505,0,0,1,0
415.605,0,0,1,0
415.705,0,1,1,0
415.805,0,0,1,0
415.905,0,0,1,0
416.005,0,0,1,0
416.105,0,0,1,0
416.205,0,0,1,0
416.305,0,0,1,0
416.405,0,0,0,0
416.505,0,0,1,0
416.605,0,0,1,0
416.705,0,1,1,0
416.805,0,0,1,0
416.905,0,0,0,0
417.005,0,0,1,0
417.105,0,0,1,0
417.205,0,0,1,0
417.305,0,0,1,0
417.405,0,0,1,0
417.505,0,0,1,0
417.605,0,1,1,0
417.705,0,0,1,0
417.805,0,0,1,0
417.905,0,0,1,0
418.005,0,1,0,0
418.105,0,0,1,0
418.205,0,0,1,0
418.305,0,0,0,0
418.405,0,1,1,0
418.505,0,0,1,0
418.605,0,0,0,0
418.705,0,0,1,0
418.805,0,0,1,0
418.905,0,0,0,0
419.005,0,0,0,0
419.105,0,0,1,0
419.205,0,0,0,0
419.305,0,0,1,0
419.405,0,0,1,0
419.505,0,0,1,0
419.605,0,0,0,0
419.705,0,0,0,0
419.805,0,0,1,0
419.905,0,0,0,0
420.005,0,0,0,0
420.105,0,0,0,0
420.205,0,0,1,0
420.305,0,0,1,0
420.405,0,1,1,0
420.505,0,0,1,0
420.605,0,1,1,0
420.705,0,0,1,0
420.805,0,0,1,0
420.905,0,0,0,0
421.005,0,0,0,0
421.105,0,0,1,0
421.205,0,1,1,0
421.305,0,0,1,0
421.405,0,0,0,0
421.505,0,0,1,0
421.605,0,0,1,0
421.705,0,0,1,0
421.805,0,0,1,0
421.905,0,0,1,0
422.005,0,0,0,0
422.105,0,0,1,0
422.205,0,0,0,0
422.305,0,1,0,0
422.405,0,0,1,0
422.505,0,0,1,0
422.605,0,0,1,0
422.705,0,0,1,0
422.805,0,0,1,0
422.905,0,0,1,0
423.005,0,0,1,0
423.105,0,0,1,0
423.205,0,0,0,0
423.305,0,0,1,0
423.405,0,0,1,0
423.505,0,0,0,0
423.605,0,0,1,0
423.705,0,0,1,0
423.805,0,0,1,0
423.905,0,0,0,0
424.005,0,0,1,0
424.105,0,0,1,0
424.205,0,1,0,0
424.305,0,0,1,0
424.405,0,0,1,0
424.505,0,0,1,0
424.605,0,0,1,0
424.705,0,1,0,0
424.805,0,0,0,0
424.905,0,0,0,0
425.005,0,0,0,0
425.105,0,0,0,0
425.205,0,0,1,0
425.305,0,0,1,0
425.405,0,0,1,0
425.505,0,0,1,0
425.605,0,0,1,0
425.705,0,0,1,0
425.805,0,0,1,0
425.905,0,0,1,0
426.005,0,0,1,0
426.105,0,0,1,0
426.205,0,0,1,0
426.305,0,0,1,0
426.405,0,0,1,0
426.505,0,0,1,0
426.605,0,0,1,0
426.705,0,0,0,0
426.805,0,0,0,0
426.905,0,0,1,0
427.005,0,0,1,0
427.105,0,0,1,0
427.205,0,1,1,0
427.305,0,0,1,0
427.405,0,0,1,0
427.505,0,0,0,0
427.605,0,1,1,0
427.705,0,0,1,0
427.805,0,0,1,0
427.905,0,0,1,0
428.005,0,0,1,0
428.105,0,0,1,0
428.205,0,0,0,0
428.305,0,0,0,0
428.405,0,0,1,0
428.505,0,0,1,0
428.605,0,0,1,0
428.705,0,0,0,0
428.805,0,0,1,0
428.905,0,1,1,0
429.005,0,0,1,0
429.105,0,0,1,0
429.205,0,0,1,0
429.305,0,0,1,0
429.405,0,0,0,0
429.505,0,0,1,0
429.605,0,0,0,1
429.705,0,0,1,0
429.805,0,0,1,0
429.905,0,0,1,0
430.005,0,0,1,0
430.105,0,1,1,0
430.205,0,0,1,0
430.305,0,0,1,0
430.405,0,0,1,0
430.505,0,0,1,0
430.605,0,1,1,0
430.705,0,0,1,0
430.805,0,0,1,0
430.905,0,0,1,0
431.005,0,0,1,0
431.105,0,0,1,0
431.205,0,0,1,0
431.305,0,0,1,0
431.405,0,0,1,0
431.505,0,0,0,0
431.605,0,0,1,0
431.705,0,0,1,0
431.805,0,0,0,0
431.905,0,0,1,0
432.005,0,0,1,0
432.105,0,0,0,0
432.205,0,0,0,0
432.305,0,0,1,0
432.405,0,0,1,0
432.505,0,0,0,0
432.605,0,0,0,0
432.705,0,0,1,0
432.805,0,0,1,0
432.905,0,0,0,0
433.005,0,0,0,0
433.105,0,0,0,0
433.205,0,0,0,0
433.305,0,0,1,0
433.405,0,0,0,0
433.505,0,0,1,0
433.605,0,0,1,0
433.705,0,0,1,0
433.805,0,0,1,0
433.905,0,0,1,0
434.005,0,0,0,0
434.105,0,0,0,0
434.205,0,0,1,0
434.305,0,0,1,0
434.405,0,0,1,0
434.505,0,0,1,0
434.605,0,0,1,0
434.705,0,0,1,0
434.805,0,0,0,0
434.905,0,0,1,0
435.005,0,0,1,0
435.105,0,0,1,0
435.205,0,0,0,0
435.305,0,0,1,0
435.405,0,0,1,0
435.505,0,0,1,0
435.605,0,1,1,0
435.705,0,0,1,0
435.805,0,0,1,0
435.905,0,0,1,0
436.005,0,0,1,0
436.105,0,1,1,0
436.205,0,0,1,0
436.305,0,0,1,0
436.405,0,0,1,0
436.505,0,1,1,0
436.605,0,1,0,0
436.705,0,0,1,0
436.805,0,1,1,0
436.905,0,0,1,0
437.005,0,0,1,0
437.105,0,0,1,0
437.205,0,1,1,0
437.305,0,0,1,0
437.405,0,0,1,0
437.505,0,0,1,0
437.605,0,0,1,0
437.705,0,0,1,0
437.805,0,0,0,0
437.905,0,1,1,0
438.005,0,1,1,0
438.105,0,0,0,0
438.205,0,0,1,0
438.305,0,0,1,0
438.405,0,0,1,0
438.505,0,0,0,0
438.605,0,0,1,0
438.705,0,0,1,0
438.805,0,0,1,0
438.905,0,0,0,0
439.005,0,0,1,0
439.105,0,0,1,0
439.205,0,0,1,0
439.305,0,0,1,0
439.405,0,0,1,0
439.505,0,0,1,0
439.605,0,0,1,0
439.705,0,0,1,0
439.805,0,0,1,0
439.905,0,0,1,0
440.005,0,0,1,0
440.105,0,0,0,0
440.205,0,0,1,0
440.305,0,0,0,0
440.405,0,0,1,0
440.505,0,1,1,0
440.605,0,0,1,0
440.705,0,0,1,0
440.805,0,0,1,0
440.905,0,0,1,0
441.005,0,0,1,0
441.105,0,0,0,0
441.205,0,0,1,0
441.305,0,0,1,0
441.405,0,0,1,0
441.505,0,0,1,0
441.605,0,1,1,0
441.705,0,0,1,0
441.805,0,0,1,0
441.905,0,0,1,0
442.005,0,1,1,0
442.105,0,0,1,0
442.205,0,0,1,0
442.305,0,0,1,0
442.405,0,1,1,0
442.505,0,0,1,0
442.605,0,0,0,0
442.705,0,0,1,0
442.805,0,0,0,0
442.905,0,0,1,0
443.005,0,0,1,0
443.105,0,0,1,0
443.205,0,0,1,0
443.305,0,0,1,0
443.405,0,0,1,0
443.505,0,0,0,0
443.605,0,0,0,0
443.705,0,0,0,0
443.805,0,0,1,0
443.905,0,0,1,0
444.005,0,0,1,0
444.105,0,0,1,0
444.205,0,0,0,0
444.305,0,1,0,0
444.405,0,0,1,0
444.505,0,0,1,0
444.605,0,0,1,0
444.705,0,1,1,0
444.805,0,0,1,0
444.905,0,0,1,0
445.005,0,0,0,0
445.105,0,0,1,0
445.205,0,0,0,0
445.305,0,0,1,0
445.405,0,0,1,0
445.505,0,1,1,0
445.605,0,0,1,0
445.705,0,0,1,0
445.805,0,0,1,0
445.905,0,0,1,0
446.005,0,0,0,0
446.105,0,0,1,0
446.205,0,0,1,0
446.305,0,0,1,0
446.405,0,0,1,0
446.505,0,0,1,0
446.605,0,0,0,0
446.705,0,0,1,0
446.805,0,0,1,0
446.905,0,0,1,0
447.005,0,0,1,0
447.105,0,0,1,0
447.205,0,0,0,0
447.305,0,0,1,0
447.405,0,0,0,0
447.505,0,0,1,0
447.605,0,0,1,0
447.705,0,0,1,0
447.805,0,0,1,0
447.905,0,0,0,0
448.005,0,0,1,0
448.105,0,0,0,0
448.205,0,0,1,0
448.305,0,0,1,0
448.405,0,0,1,0
448.505,0,0,1,0
448.605,0,0,1,0
448.705,0,0,0,0
448.805,0,0,1,0
448.905,0,0,0,0
449.005,0,0,1,0
449.105,0,0,1,0
449.205,0,0,1,0
449.305,0,0,1,0
449.405,0,0,1,0
449.505,0,0,0,0
449.605,0,0,0,0
449.705,0,0,1,0
449.805,0,0,1,0
449.905,0,0,0,0
450.005,0,0,1,0
450.105,0,0,1,0
450.205,0,0,1,0
450.305,0,0,0,0
450.405,0,0,1,0
450.505,0,0,1,0
450.605,0,0,0,0
450.705,0,0,1,0
450.805,0,0,1,0
450.905,0,0,1,0
451.005,0,0,0,0
451.105,0,0,1,0
451.205,0,0,1,0
451.305,0,0,0,0
451.405,0,0,1,0
451.505,0,0,0,0
451.605,0,0,0,0
451.705,0,0,0,0
451.805,0,0,1,0
451.905,0,0,1,0
452.005,0,0,1,0
452.105,0,0,0,0
452.205,0,0,1,0
452.305,0,0,1,0
452.405,0,0,0,0
452.505,0,0,1,0
452.605,0,0,1,0
452.705,0,0,0,0
452.805,0,0,0,0
452.905,0,0,1,0
453.005,0,0,1,0
453.105,0,0,0,0
453.205,0,0,1,0
453.305,0,0,1,0
453.405,0,0,1,0
453.505,0,0,1,0
453.605,0,0,1,0
453.705,0,0,1,0
453.805,0,0,0,0
453.905,0,0,1,0
454.005,0,0,0,0
454.105,0,0,1,0
454.205,0,0,1,0
454.305,0,0,1,0
454.405,0,0,1,0
454.505,0,0,0,0
454.605,0,0,0,0
454.705,0,0,1,0
454.805,0,0,1,0
454.905,0,0,1,0
455.005,0,0,0,0
455.105,0,0,1,0
455.205,0,0,0,0
455.305,0,0,1,0
455.405,0,0,1,0
455.505,0,0,0,0
455.605,0,0,1,0
455.705,0,0,0,0
455.805,0,0,1,0
455.905,0,0,0,0
456.005,0,0,1,0
456.105,0,0,1,0
456.205,0,0,1,0
456.305,0,0,1,0
456.405,0,0,1,0
456.505,0,0,1,0
456.605,0,0,1,0
456.705,0,0,0,0
456.805,0,0,1,0
456.905,0,0,1,0
457.005,0,0,1,0
457.105,0,0,1,0
457.205,0,0,1,0
457.305,0,0,0,0
457.405,0,0,1,0
457.505,0,0,1,0
457.605,0,0,1,0
457.705,0,0,1,0
457.805,0,0,0,0
457.905,0,0,0,0
458.005,0,0,1,0
458.105,0,0,0,0
458.205,0,0,1,0
458.305,0,0,1,0
458.405,0,0,1,0
458.505,0,0,1,0
458.605,0,1,1,0
458.705,0,0,1,0
458.805,0,0,1,0
458.905,0,0,1,0
459.005,0,0,1,0
459.105,0,0,1,0
459.205,0,0,1,0
459.305,0,0,1,0
459.405,0,0,1,0
459.505,0,0,1,0
459.605,0,0,0,0
459.705,0,0,1,0
459.805,0,0,1,0
459.905,0,1,1,0
460.005,0,0,1,0
460.105,0,0,1,0
460.205,0,0,1,0
460.305,0,0,1,0
460.405,0,0,1,0
460.505,0,1,1,0
460.605,0,0,1,0
460.705,0,0,1,0
460.805,0,0,1,0
460.905,0,0,0,0
461.005,0,0,1,0
461.105,0,0,1,0
461.205,0,0,1,0
461.305,0,0,1,0
461.405,0,0,0,0
461.505,0,0,1,0
461.605,0,0,1,0
461.705,0,0,1,0
461.805,0,0,1,0
461.905,0,1,1,0
462.005,0,0,1,0
462.105,0,0,1,0
462.205,0,1,1,0
462.305,0,0,0,0
462.405,0,0,0,0
462.505,0,0,1,0
462.605,0,0,1,0
462.705,0,0,1,0
462.805,0,1,1,0
462.905,0,0,1,0
463.005,0,0,0,0
463.105,0,0,1,0
463.205,0,0,1,0
463.305,0,0,1,0
463.405,0,0,1,0
463.505,0,0,1,0
463.605,0,0,0,0
463.705,0,0,1,0
463.805,0,0,1,0
463.905,0,0,1,0
464.005,0,1,0,0
464.105,0,0,0,0
464.205,0,0,1,0
464.305,0,0,0,0
464.405,0,0,0,0
464.505,0,0,1,0
464.605,0,0,1,0
464.705,0,0,0,0
464.805,0,0,1,0
464.905,0,0,1,0
465.005,0,0,1,0
465.105,0,0,0,0
465.205,0,0,1,0
465.305,0,0,0,0
465.405,0,0,1,0
465.505,0,0,1,0
465.605,0,0,1,0
465.705,0,1,1,0
465.805,0,0,1,0
465.905,0,0,0,0
466.005,0,0,0,0
466.105,0,0,0,0
466.205,0,0,1,0
466.305,0,0,1,0
466.405,0,0,1,0
466.505,0,0,1,0
466.605,0,0,1,0
466.705,0,0,1,0
466.805,0,0,0,0
466.905,0,0,1,0
467.005,0,0,1,0
467.105,0,0,1,0
467.205,0,0,1,0
467.305,0,0,1,0
467.405,0,0,1,0
467.505,0,0,1,0
467.605,0,0,1,0
467.705,0,0,0,0
467.805,0,0,1,0
467.905,0,0,1,0
468.005,0,0,1,0
468.105,0,0,1,0
468.205,0,0,1,0
468.305,0,0,0,0
468.405,0,0,1,0
468.505,0,1,1,0
468.605,0,0,0,0
468.705,0,0,1,0
468.805,0,0,1,0
468.905,0,0,0,0
469.005,0,0,1,0
469.105,0,0,1,0
469.205,0,0,1,0
469.305,0,0,1,0
469.405,0,0,1,0
469.505,0,0,1,0
469.605,0,0,1,0
469.705,0,0,0,0
469.805,0,0,1,0
469.905,0,0,1,0
470.005,0,0,1,0
470.105,0,0,1,0
470.205,0,0,0,0
470.305,0,0,1,0
470.405,0,0,1,0
470.505,0,0,1,0
470.605,0,0,0,0
470.705,0,0,1,0
470.805,0,0,1,0
470.905,0,0,0,0
471.005,0,0,1,0
471.105,0,0,1,0
471.205,0,0,1,0
471.305,0,0,1,0
471.405,0,0,0,0
471.505,0,0,1,0
471.605,0,0,1,0
471.705,0,0,1,0
471.805,0,0,0,0
471.905,0,0,0,0
472.005,0,0,0,0
472.105,0,0,1,0
472.205,0,0,1,0
472.305,0,0,0,0
472.405,0,0,0,0
472.505,0,0,0,0
472.605,0,0,0,0
472.705,0,0,0,0
472.805,0,0,0,0
472.905,0,0,0,0
473.005,0,0,0,0
473.105,0,0,1,0
473.205,0,0,0,0
473.305,0,0,0,0
473.405,0,0,1,0
473.505,0,0,1,0
473.605,0,0,1,0
473.705,0,1,1,0
473.805,0,0,1,0
473.905,0,1,1,0
474.005,0,0,1,0
474.105,0,0,1,0
474.205,0,0,1,0
474.305,0,0,1,0
474.405,0,0,1,0
474.505,0,0,1,0
474.605,0,0,1,0
474.705,0,0,1,0
474.805,0,0,1,0
474.905,0,0,0,0
475.005,0,0,1,0
475.105,0,0,0,0
475.205,0,0,0,0
475.305,0,0,1,0
475.405,0,0,0,0
475.505,0,0,1,0
475.605,0,0,1,0
475.705,0,0,1,0
475.805,0,0,1,0
475.905,0,0,1,0
476.005,0,0,1,0
476.105,0,0,1,0
476.205,0,0,1,0
476.305,0,0,1,0
476.405,0,0,1,0
476.505,0,0,1,0
476.605,0,0,1,0
476.705,0,0,1,0
476.805,0,0,0,0
476.905,0,0,0,0
477.005,0,0,0,0
477.105,0,0,1,0
477.205,0,0,1,0
477.305,0,0,1,0
477.405,0,0,0,0
477.505,0,1,1,0
477.605,0,0,1,0
477.705,0,0,1,0
477.805,0,0,1,0
477.905,0,0,1,0
478.005,0,0,1,0
478.105,0,0,1,0
478.205,0,1,1,0
478.305,0,0,0,0
478.405,0,0,1,0
478.505,0,0,1,0
478.605,0,0,1,0
478.705,0,0,1,0
478.805,0,1,1,0
478.905,0,0,1,0
479.005,0,0,1,0
479.105,0,0,1,0
479.205,0,0,1,0
479.305,0,0,1,0
479.405,0,0,0,0
479.505,0,0,1,0
479.605,0,0,1,0
479.705,0,0,1,0
479.805,0,0,1,0
479.905,0,0,0,0
480.005,0,0,0,0
480.105,0,0,1,0
480.205,0,0,0,0
480.305,0,1,1,0
480.405,0,0,1,0
480.505,0,1,1,0
480.605,0,0,1,0
480.705,0,0,1,0
480.805,0,1,0,0
480.905,0,0,1,0
481.005,0,0,1,0
481.105,0,0,1,0
481.205,0,1,1,0
481.305,0,0,1,0
481.405,0,0,0,0
481.505,0,1,1,0
481.605,0,0,1,0
481.705,0,0,1,0
481.805,0,0,1,0
481.905,0,0,1,0
482.005,0,1,1,0
482.105,0,0,1,0
482.205,0,0,1,0
482.305,0,0,1,0
482.405,0,0,1,0
482.505,0,0,1,0
482.605,0,1,1,0
482.705,0,0,1,0
482.805,0,0,1,0
482.905,0,0,1,0
483.005,0,0,1,0
483.105,0,0,1,0
483.205,0,0,1,0
483.305,0,0,1,0
483.405,0,0,1,0
483.505,0,0,0,0
483.605,0,0,1,0
483.705,0,0,0,0
483.805,0,0,1,0
483.905,0,0,1,0
484.005,0,0,1,0
484.105,0,0,1,0
484.205,0,0,0,0
484.305,0,0,0,0
484.405,0,0,1,0
484.505,0,0,1,0
484.605,0,1,0,0
484.705,0,0,1,0
484.805,0,0,0,0
484.905,0,0,0,0
485.005,0,0,0,0
485.105,0,0,1,0
485.205,0,0,1,0
485.305,0,0,1,0
485.405,0,0,1,0
485.505,0,0,1,0
485.605,0,0,0,0
485.705,0,0,1,0
485.805,0,0,1,0
485.905,0,0,0,0
486.005,0,0,1,0
486.105,0,0,1,0
486.205,0,0,1,0
486.305,0,0,1,0
486.405,0,0,1,0
486.505,0,0,0,0
486.605,0,0,0,0
486.705,0,0,1,0
486.805,0,0,0,0
486.905,0,0,1,0
487.005,0,0,1,0
487.105,0,0,0,0
487.205,0,0,0,0
487.305,0,0,0,0
487.405,0,0,0,0
487.505,0,0,0,0
487.605,0,0,0,0
487.705,0,0,1,0
487.805,0,0,1,0
487.905,0,0,1,0
488.005,0,0,1,0
488.105,0,0,1,0
488.205,0,0,1,0
488.305,0,0,1,0
488.405,0,0,1,0
488.505,0,0,1,0
488.605,0,0,1,0
488.705,0,0,1,0
488.805,0,0,1,0
488.905,0,0,1,0
489.005,0,0,1,0
489.105,0,0,1,0
489.205,0,0,0,0
489.305,0,0,1,0
489.405,0,0,0,0
489.505,0,0,0,0
489.605,0,0,1,0
489.705,0,0,1,0
489.805,0,0,0,0
489.905,0,0,0,0
490.005,0,0,0,0
490.105,0,0,0,0
490.205,0,0,0,0
490.305,0,0,0,0
490.405,0,0,1,0
490.505,0,0,1,0
490.605,0,0,1,0
490.705,0,0,1,0
490.805,0,0,1,0
490.905,0,0,0,0
491.005,0,0,1,0
491.105,0,0,1,0
491.205,0,0,1,0
491.305,0,0,1,0
491.405,0,0,1,0
491.505,0,0,1,0
491.605,0,0,1,0
491.705,0,0,1,0
491.805,0,0,1,0
491.905,0,0,1,0
492.005,0,0,1,0
492.105,0,0,1,0
492.205,0,0,1,0
492.305,0,0,0,0
492.405,0,0,1,0
492.505,0,0,1,0
492.605,0,0,1,0
492.705,0,0,1,0
492.805,0,0,1,0
492.905,0,0,1,0
493.005,0,0,1,0
493.105,0,0,0,0
493.205,0,0,1,0
493.305,0,0,0,0
493.405,0,0,1,0
493.505,0,0,1,0
493.605,0,0,1,0
493.705,0,0,1,0
493.805,0,0,1,0
493.905,0,0,1,0
494.005,0,0,1,0
494.105,0,0,1,0
494.205,0,0,1,0
494.305,0,0,1,0
494.405,0,0,1,0
494.505,0,0,0,0
494.605,0,0,0,0
494.705,0,0,0,0
494.805,0,0,1,0
494.905,0,0,0,0
495.005,0,0,1,0
495.105,0,0,0,0
495.205,0,0,0,0
495.305,0,0,1,0
495.405,0,0,1,0
495.505,0,0,1,0
495.605,0,0,0,0
495.705,0,0,1,0
495.805,0,0,1,0
495.905,0,0,1,0
496.005,0,0,1,0
496.105,0,0,0,0
496.205,0,0,1,0
496.305,0,0,1,0
496.405,0,0,1,0
496.505,0,0,1,0
496.605,0,0,0,0
496.705,0,0,1,0
496.805,0,0,1,0
496.905,0,0,1,0
497.005,0,0,0,0
497.105,0,0,0,0
497.205,0,0,1,0
497.305,0,0,1,0
497.405,0,0,0,0
497.505,0,0,1,0
497.605,0,0,0,0
497.705,0,0,1,0
497.805,0,0,0,0
497.905,0,0,1,0
498.005,0,0,1,0
498.105,0,0,0,0
498.205,0,0,1,0
498.305,0,0,1,0
498.405,0,0,0,0
498.505,0,0,1,0
498.605,0,0,1,0
498.705,0,0,1,0
498.805,0,0,1,0
498.905,0,0,0,0
499.005,0,0,0,0
499.105,0,0,1,0
499.205,0,0,0,0
499.305,0,0,1,0
499.405,0,0,1,0
499.505,0,0,0,0
499.605,0,0,0,0
499.705,0,0,1,0
499.805,0,0,0,0
499.905,0,0,1,0
500.005,0,0,1,0
500.105,0,0,1,0
500.205,0,0,1,0
500.305,0,0,0,0
500.405,0,0,1,0
500.505,0,0,0,0
500.605,0,0,1,0
500.705,0,0,1,0
500.805,0,0,1,0
500.905,0,0,1,0
501.005,0,0,0,0
501.105,0,0,1,0
501.205,0,0,0,0
501.305,0,0,0,0
501.405,0,0,1,0
501.505,0,0,1,0
501.605,0,0,1,0
501.705,0,0,1,0
501.805,0,0,0,0
501.905,0,0,1,0
502.005,0,0,0,0
502.105,0,0,1,0
