res id	RMSF open_bound (Å)	RMSF open_apo (Å)	RMSF closed_bound (Å)	RMSF closed_apo (Å)
22	17.0	22.03	12.21	18.42
23	15.12	20.48	10.74	17.12
24	13.96	18.69	9.51	14.85
25	13.28	17.73	8.77	13.51
26	12.57	16.69	7.61	11.75
27	12.02	15.44	8.0	10.02
28	11.38	14.72	7.84	8.38
29	10.62	13.78	7.14	7.23
30	9.68	13.58	5.99	6.36
31	9.34	13.1	5.88	6.22
32	8.72	12.37	5.48	6.0
33	8.64	11.88	5.29	5.87
34	8.7	11.61	5.15	5.8
35	9.09	11.8	5.51	6.03
36	9.45	12.22	5.61	6.08
37	9.01	11.83	5.28	5.94
38	8.98	12.4	5.29	6.09
39	8.8	12.28	5.2	6.14
40	8.66	11.83	4.83	6.07
41	8.91	11.19	4.66	5.91
42	9.28	12.23	4.94	6.21
43	10.06	11.92	4.7	6.33
44	9.71	11.41	4.47	6.37
45	9.75	12.69	4.87	7.19
46	9.88	13.56	5.03	7.9
47	10.23	13.31	5.2	7.38
48	10.32	12.69	5.48	6.97
49	9.31	10.9	4.34	6.91
50	8.63	10.13	4.41	6.15
51	7.99	9.46	4.38	5.96
52	8.27	9.58	4.55	5.36
53	8.17	10.47	4.72	5.08
54	7.95	10.56	4.75	5.38
55	8.25	11.05	4.94	5.64
56	8.73	12.23	5.26	5.99
57	8.83	12.58	5.31	6.06
58	9.32	13.22	5.62	6.31
59	9.64	13.74	6.12	6.52
60	9.94	14.16	6.37	6.79
61	9.8	13.76	6.34	6.86
62	9.42	12.52	6.07	6.94
63	9.9	12.82	6.36	6.94
64	10.01	12.71	6.42	6.95
65	9.71	11.93	6.2	6.74
66	10.06	12.13	6.42	6.97
67	10.21	11.98	6.47	6.98
68	9.92	11.29	6.16	6.59
69	9.5	11.05	5.91	6.4
70	9.32	10.74	5.81	6.3
71	9.2	10.08	5.65	6.06
72	8.81	9.65	5.34	5.78
73	8.49	9.48	5.18	5.69
74	8.42	9.06	5.12	5.61
75	8.2	8.37	4.87	5.31
76	7.78	8.06	4.65	5.02
77	7.66	8.07	4.63	5.0
78	8.0	8.29	4.79	5.18
79	7.91	8.46	4.67	5.34
80	8.11	9.39	4.84	5.67
81	8.54	9.84	5.19	5.89
82	9.03	10.78	5.55	6.33
83	9.54	11.29	5.95	6.64
84	9.96	11.95	6.22	6.88
85	10.32	12.95	6.51	7.29
86	9.91	12.5	6.4	7.08
87	9.38	11.6	5.94	6.58
88	9.32	11.82	5.91	6.56
89	8.88	11.14	5.57	6.25
90	8.85	11.08	5.57	6.29
91	9.19	10.76	5.49	6.23
92	9.31	11.25	5.76	6.31
93	9.24	10.84	5.68	6.21
94	8.99	10.74	5.51	6.11
95	8.45	10.06	5.21	5.88
96	8.3	9.38	5.03	5.65
97	8.34	9.26	5.01	5.67
98	8.01	8.98	4.78	5.59
99	7.46	8.21	4.53	5.2
100	7.5	7.79	4.56	4.92
101	7.62	7.87	4.52	5.22
102	7.16	7.45	4.21	5.04
103	6.78	6.48	4.03	4.1
104	6.95	6.4	4.1	3.95
105	6.71	6.0	3.96	3.67
106	6.29	5.37	3.69	3.58
107	6.43	5.6	3.66	3.58
108	6.53	5.64	3.43	3.35
109	6.22	5.05	3.19	3.18
110	6.04	4.91	3.32	3.33
111	6.37	5.45	3.65	3.35
112	6.32	5.34	3.53	3.13
113	6.21	5.32	3.63	3.39
114	6.53	5.82	3.88	3.71
115	6.5	6.11	3.96	3.98
116	6.12	5.39	3.67	3.88
117	6.24	5.43	3.71	3.86
118	6.55	6.23	3.97	4.22
119	6.36	6.26	3.85	4.33
120	6.16	5.75	3.7	4.17
121	6.54	6.33	3.93	4.36
122	6.73	7.01	4.14	4.62
123	6.58	6.91	4.14	4.53
124	6.73	6.96	4.28	4.6
125	7.22	8.0	4.61	4.96
126	7.34	8.75	4.63	5.11
127	7.23	8.38	4.52	5.04
128	7.71	8.74	4.72	5.23
129	8.14	9.65	4.88	5.57
130	8.07	10.14	4.98	5.68
131	8.52	11.26	5.37	6.22
132	8.31	11.39	5.28	6.06
133	8.08	10.98	5.06	5.68
134	8.38	11.89	5.28	5.8
135	8.22	11.71	5.21	5.75
136	7.69	10.42	4.86	5.39
137	7.63	10.25	4.81	5.31
138	7.82	10.77	4.89	5.49
139	7.85	10.86	4.84	5.54
140	7.71	10.66	4.7	5.52
141	7.88	11.0	4.7	5.63
142	8.24	11.83	4.9	5.89
143	8.55	12.52	5.01	6.1
144	9.19	13.8	5.33	6.51
145	9.47	14.42	5.61	6.55
146	10.12	15.71	6.01	7.14
147	10.73	17.03	6.48	7.62
148	10.72	17.05	6.56	7.39
149	10.1	15.74	6.1	6.9
150	9.6	14.66	5.83	6.57
151	9.04	13.42	5.38	6.33
152	8.49	12.15	5.06	5.95
153	7.98	11.08	4.8	5.64
154	7.67	10.27	4.54	5.4
155	7.28	9.57	4.44	5.21
156	7.25	9.49	4.48	5.19
157	7.04	9.0	4.42	5.07
158	6.94	8.79	4.38	4.98
159	7.06	9.0	4.52	5.08
160	6.84	8.3	4.42	4.89
161	6.97	8.59	4.48	4.97
162	6.52	7.78	4.24	4.73
163	6.57	7.84	4.24	4.74
164	6.55	7.56	4.19	4.66
165	6.17	6.54	3.96	4.39
166	5.92	6.2	3.82	4.26
167	6.08	6.45	3.86	4.32
168	6.01	5.78	3.76	4.18
169	5.63	5.0	3.53	3.94
170	5.61	5.31	3.51	3.95
171	5.77	5.27	3.58	3.98
172	5.69	4.54	3.42	3.67
173	5.51	4.47	3.25	3.61
174	5.52	4.88	3.15	3.42
175	5.58	4.58	2.92	3.14
176	5.78	4.52	2.73	2.97
177	5.93	4.81	2.61	2.79
178	6.59	6.01	2.59	2.53
179	7.01	7.1	2.7	2.47
180	7.1	7.13	2.8	2.56
181	6.21	5.99	2.7	2.68
182	5.64	4.6	2.66	2.95
183	5.44	4.08	2.85	3.11
184	5.28	4.22	2.94	3.16
185	5.21	4.17	3.26	3.43
186	4.87	3.91	3.02	3.42
187	5.32	4.33	3.1	3.28
188	5.67	4.49	3.34	3.54
189	5.74	4.28	3.2	3.63
190	5.4	4.58	3.42	3.69
191	5.78	4.47	3.49	3.65
192	5.01	4.31	3.37	3.66
193	4.56	4.14	3.83	3.51
194	4.71	4.02	4.17	3.97
195	4.64	4.31	3.9	4.23
196	4.6	4.08	3.52	3.64
197	5.08	4.02	3.32	3.62
198	5.16	4.54	3.44	3.85
199	5.48	5.16	3.56	4.03
200	5.64	5.57	3.66	4.19
201	5.36	4.92	3.43	3.94
202	5.36	4.75	3.38	3.84
203	5.79	5.56	3.61	4.13
204	5.85	5.79	3.59	4.2
205	5.57	5.39	3.47	3.97
206	5.92	5.7	3.67	4.1
207	6.25	6.66	3.79	4.3
208	6.22	6.71	3.75	4.36
209	6.72	7.81	3.88	4.51
210	6.35	7.54	3.92	4.39
211	6.36	7.22	3.84	4.14
212	6.65	7.92	4.1	4.55
213	6.72	8.18	4.1	4.15
214	6.87	8.03	4.05	4.42
215	7.55	8.75	4.25	4.95
216	7.11	8.83	4.23	4.79
217	6.69	8.23	4.09	4.75
218	6.56	7.77	4.07	4.72
219	6.47	7.68	4.09	4.76
220	6.31	7.36	4.04	4.66
221	6.57	7.96	4.24	4.85
222	6.5	7.74	4.2	4.79
223	7.04	8.83	4.51	5.08
224	7.36	9.5	4.69	5.27
225	7.89	10.59	5.17	5.73
226	8.63	11.88	5.74	6.18
227	8.87	11.76	5.31	5.84
228	8.68	11.76	5.56	6.06
229	8.92	11.88	5.4	5.94
230	8.87	12.13	5.44	6.08
231	9.41	13.16	5.67	6.46
232	9.2	13.07	5.71	6.22
233	8.36	11.86	5.24	5.85
234	8.14	11.46	5.24	5.76
235	7.55	10.02	4.86	5.35
236	7.34	9.25	4.68	5.16
237	7.3	9.0	4.6	5.09
238	7.26	8.56	4.66	5.14
239	7.2	8.17	4.61	5.08
240	6.65	7.14	4.25	4.63
241	6.64	6.87	4.17	4.62
242	6.35	6.72	4.09	4.6
243	6.22	6.17	3.81	4.44
244	6.4	6.37	4.13	4.53
245	7.12	6.96	4.39	4.86
246	7.83	7.4	4.89	5.05
247	9.19	8.89	5.23	5.63
248	10.55	10.01	5.78	6.08
249	11.17	10.38	5.78	6.87
250	10.19	9.72	5.97	7.22
251	9.52	9.02	5.13	5.84
252	8.54	7.34	4.31	5.34
253	8.34	7.21	3.69	4.18
254	7.35	6.15	3.33	3.98
255	6.75	6.68	3.03	3.49
256	6.9	7.61	3.12	3.67
257	6.41	7.32	2.93	3.51
258	6.49	6.08	2.99	3.44
259	6.09	6.49	3.28	3.69
260	6.22	6.96	4.18	4.43
261	6.71	7.2	5.18	4.88
262	6.49	7.23	5.34	5.34
263	5.97	6.16	5.72	5.67
264	6.27	5.95	6.26	6.17
265	6.08	5.35	6.85	6.46
266	5.37	4.56	5.97	6.0
267	5.66	4.95	5.44	5.54
268	4.84	5.04	5.32	4.9
269	4.45	4.41	4.58	4.86
270	4.92	4.9	4.48	4.63
271	4.94	5.23	4.38	4.32
272	5.45	4.97	3.3	3.33
273	4.7	4.04	2.52	2.38
274	3.79	3.94	2.32	1.92
275	3.72	4.01	2.35	1.69
276	2.85	3.2	1.95	1.37
277	2.32	2.63	1.77	1.49
278	2.31	3.47	2.21	1.6
279	2.45	4.63	2.54	1.91
280	2.29	3.63	2.3	1.9
281	1.95	2.36	1.7	1.6
282	1.88	2.25	1.47	1.38
283	1.82	2.22	1.51	1.25
284	1.52	2.01	1.34	1.17
285	1.47	1.76	1.24	1.21
286	1.69	1.8	1.32	1.24
287	1.53	1.76	1.21	1.06
288	1.28	1.54	1.07	1.02
289	1.56	1.57	1.15	1.14
290	1.75	1.73	1.13	1.09
291	1.4	1.51	0.95	0.94
292	1.3	1.41	1.0	1.07
293	1.62	1.58	1.07	1.23
294	1.54	1.57	0.95	1.11
295	1.23	1.39	0.89	0.94
296	1.37	1.4	1.03	1.11
297	1.51	1.47	1.03	1.24
298	1.34	1.34	0.89	1.08
299	1.26	1.29	0.9	1.01
300	1.43	1.42	1.06	1.13
301	1.41	1.25	1.02	1.16
302	1.27	1.25	0.93	1.05
303	1.26	1.47	1.05	1.14
304	1.38	1.36	1.2	1.28
305	1.31	1.34	1.15	1.22
306	1.43	1.55	1.12	1.22
307	1.69	1.63	1.32	1.43
308	1.76	1.64	1.58	1.49
309	1.91	1.82	2.48	1.49
310	2.29	2.04	2.91	1.83
311	2.49	2.2	3.24	2.53
312	2.69	3.05	4.09	4.0
313	3.5	3.66	5.1	5.2
314	4.05	5.07	6.26	6.72
315	4.56	6.05	6.78	8.08
316	5.72	7.3	8.05	9.5
317	6.8	8.3	9.3	10.3
318	7.62	8.94	9.89	10.27
319	8.72	9.07	10.09	9.75
320	8.56	8.65	9.45	8.94
321	7.91	8.8	9.47	8.58
322	7.45	7.73	9.29	8.14
323	7.23	7.79	9.11	7.88
324	7.02	7.73	9.07	7.86
325	7.1	7.65	8.3	7.34
326	6.44	7.21	7.0	6.49
327	5.15	6.51	6.08	5.66
328	4.18	5.6	5.46	4.93
329	3.42	4.28	4.25	4.45
330	3.0	3.57	3.22	3.57
331	2.59	2.99	2.51	2.75
332	2.34	2.46	2.05	1.78
333	2.3	2.32	1.96	1.73
334	2.13	2.08	1.97	1.58
335	1.94	2.02	1.61	1.3
336	1.98	2.02	1.47	1.14
337	1.87	1.74	1.46	0.98
338	1.77	1.61	1.29	0.88
339	1.85	1.66	1.27	0.85
340	1.82	1.64	1.27	0.83
341	1.56	1.42	1.06	0.76
342	1.62	1.48	1.08	0.77
343	1.75	1.59	1.22	0.81
344	1.53	1.45	1.06	0.73
345	1.39	1.27	0.86	0.7
346	1.6	1.42	1.01	0.75
347	1.65	1.5	1.09	0.74
348	1.39	1.26	0.87	0.67
349	1.44	1.28	0.88	0.75
350	1.76	1.54	1.11	0.79
351	1.72	1.48	1.07	0.78
352	1.34	1.2	0.86	0.69
353	1.47	1.31	1.26	0.79
354	1.45	1.41	1.36	0.8
355	1.26	1.22	0.97	0.69
356	1.2	1.13	0.96	0.71
357	1.33	1.29	1.34	0.88
358	1.25	1.29	1.3	0.84
359	1.08	1.1	1.03	0.75
360	1.2	1.16	1.2	0.9
361	1.23	1.2	1.4	0.99
362	1.01	1.07	1.19	0.86
363	0.92	0.93	0.95	0.73
364	1.14	1.04	1.23	0.93
365	1.09	1.11	1.35	1.03
366	0.87	0.98	1.07	0.85
367	0.98	1.01	1.06	0.86
368	1.16	1.17	1.33	1.08
369	1.03	1.08	1.23	0.97
370	1.08	1.13	1.19	0.95
371	1.19	1.35	1.71	1.18
372	1.05	1.49	1.76	1.18
373	1.28	1.49	1.02	1.36
374	1.31	1.62	0.96	1.33
375	1.12	1.25	0.86	1.03
376	1.43	1.3	0.84	0.93
377	1.14	1.59	0.99	0.98
378	1.2	1.48	0.98	1.01
379	1.38	1.84	0.87	0.89
380	1.29	2.01	0.89	0.92
381	1.12	1.35	0.81	0.87
382	1.01	1.2	0.62	0.75
383	1.19	1.28	0.59	0.67
384	1.42	1.38	0.8	0.87
385	1.85	1.44	1.18	1.26
386	1.72	1.58	1.38	1.37
387	1.81	1.77	1.57	1.45
388	1.93	1.81	1.23	1.26
389	2.14	1.96	1.2	1.27
390	1.81	1.86	1.08	1.27
391	1.68	1.72	1.13	1.25
392	2.07	1.92	1.35	1.41
393	2.08	1.98	1.35	1.43
394	1.83	1.86	1.32	1.44
395	2.02	1.97	1.54	1.6
396	2.26	2.17	1.69	1.7
397	2.13	2.14	1.65	1.67
398	2.06	2.12	1.73	1.75
399	2.37	2.31	1.97	1.97
400	2.51	2.45	2.08	2.0
401	2.36	2.42	2.0	1.97
402	2.22	2.31	1.97	2.02
403	1.96	2.11	1.73	1.83
404	1.97	1.94	1.68	1.78
405	2.0	1.89	1.76	1.76
406	1.9	1.75	1.6	1.64
407	1.98	1.79	1.65	1.65
408	2.1	1.74	1.52	1.57
409	2.31	1.77	1.54	1.64
410	2.49	1.87	1.65	1.71
411	2.7	1.95	1.71	1.79
412	2.95	2.15	1.96	1.87
413	3.2	2.36	2.21	1.96
414	3.54	2.6	2.56	2.19
415	3.63	2.9	2.89	2.31
416	4.18	3.06	3.14	2.72
417	4.17	3.05	3.17	2.68
418	4.33	3.24	3.34	2.87
419	4.39	3.18	3.26	2.87
420	4.71	3.34	3.45	3.09
421	4.88	3.54	3.56	3.36
422	4.95	3.68	3.68	3.54
423	5.1	3.82	3.87	3.76
424	4.86	3.72	3.64	3.79
425	5.07	4.01	3.98	4.17
426	4.79	3.89	4.01	4.39
427	4.71	3.77	3.66	4.04
428	5.09	3.96	3.91	3.97
429	5.07	3.83	3.74	3.71
430	4.72	3.58	3.38	3.41
431	4.55	3.38	3.24	3.15
432	4.25	3.09	3.06	2.84
433	4.0	2.93	2.88	2.58
434	3.99	2.9	2.91	2.53
435	3.63	2.65	2.6	2.33
436	3.77	2.72	2.73	2.5
437	4.0	2.88	2.92	2.66
438	4.03	2.92	3.03	2.75
439	4.04	2.97	3.05	2.72
440	3.75	2.73	2.76	2.47
441	3.61	2.65	2.68	2.45
442	3.75	2.8	2.85	2.56
443	3.61	2.71	2.69	2.42
444	3.32	2.5	2.44	2.23
445	3.39	2.6	2.59	2.39
446	3.44	2.7	2.65	2.43
447	3.17	2.48	2.39	2.18
448	3.03	2.38	2.34	2.17
449	3.18	2.59	2.56	2.4
450	3.15	2.6	2.48	2.31
451	2.85	2.38	2.27	2.09
452	2.89	2.48	2.44	2.26
453	3.11	2.71	2.58	2.43
454	2.92	2.59	2.45	2.27
455	3.0	2.71	2.63	2.4
456	2.98	2.7	2.72	2.44
457	3.19	2.96	2.98	2.65
458	3.1	2.9	3.02	2.71
459	3.4	3.25	3.35	3.07
460	3.35	3.25	3.44	3.19
461	3.39	3.29	3.45	3.16
462	3.62	3.49	3.51	3.19
463	3.5	3.34	3.35	3.01
464	3.29	3.1	3.09	2.75
465	2.98	2.76	2.81	2.52
466	3.02	2.72	2.73	2.46
467	2.8	2.47	2.46	2.26
468	2.99	2.71	2.73	2.49
469	2.94	2.73	2.78	2.5
470	2.56	2.39	2.4	2.21
471	2.57	2.36	2.33	2.17
472	2.66	2.45	2.55	2.31
473	2.99	2.69	3.18	2.57
474	3.06	2.92	3.48	2.8
475	3.42	3.16	3.98	2.99
476	3.56	3.2	4.14	3.0
477	3.92	3.39	3.79	3.4
478	4.37	3.76	4.09	3.6
479	3.78	3.58	4.1	3.68
480	3.21	3.11	3.35	2.98
481	3.38	3.07	3.18	2.89
482	3.52	2.87	2.88	2.66
483	3.84	2.87	2.87	2.75
484	3.41	2.8	2.88	2.68
485	3.08	2.56	2.58	2.43
486	2.89	2.39	2.42	2.3
487	2.68	2.27	2.22	2.19
488	2.72	2.24	2.22	2.19
489	2.86	2.22	2.2	2.15
490	3.2	2.39	2.4	2.34
491	3.28	2.52	2.55	2.43
492	3.14	2.57	2.63	2.53
493	3.38	2.73	2.86	2.73
494	3.53	2.86	3.0	2.84
495	3.32	2.83	3.01	2.79
496	3.35	2.73	2.85	2.64
497	3.64	2.98	3.2	2.84
498	3.85	3.05	3.22	2.88
499	4.1	3.29	3.4	3.12
500	3.96	3.19	3.26	3.12
501	3.93	3.03	3.12	3.01
502	4.24	3.25	3.32	3.25
503	4.36	3.42	3.42	3.51
504	4.61	3.57	3.56	3.95
505	4.82	3.82	3.86	4.64
506	5.05	4.09	4.26	5.75
507	5.05	4.18	4.55	7.38
508	5.28	4.44	5.36	9.1
509	5.38	4.59	5.79	10.27
510	5.63	5.01	6.82	11.73
511	5.82	5.14	6.69	10.73
512	5.58	4.72	6.32	9.1
513	5.37	4.44	5.64	7.03
514	5.22	4.13	4.46	5.92
515	4.97	3.9	4.08	4.31
516	4.63	3.64	3.74	3.8
517	4.39	3.35	3.53	3.41
518	4.09	3.08	3.31	3.14
519	4.14	3.08	3.24	3.03
520	4.24	3.27	3.39	3.26
521	3.94	3.14	3.28	3.16
522	3.7	2.88	3.02	2.89
523	3.89	3.04	3.11	3.02
524	3.88	3.13	3.27	3.17
525	3.57	2.94	3.08	3.0
526	3.51	2.88	2.85	2.84
527	3.69	3.15	3.12	3.06
528	3.61	3.17	3.28	3.15
529	3.32	2.94	3.38	3.45
530	3.34	3.13	3.41	3.23
531	3.53	3.22	3.39	3.34
532	3.58	3.37	3.84	3.95
533	3.94	3.46	3.82	3.97
534	4.08	3.67	3.7	3.96
535	4.46	3.99	3.6	4.45
536	4.59	3.82	3.74	4.28
537	4.66	3.73	4.3	4.39
538	4.4	3.62	3.94	4.01
539	4.21	3.82	4.12	3.84
540	3.87	3.44	3.6	3.54
541	3.57	3.19	3.47	3.38
542	3.39	2.96	3.32	3.18
543	3.17	2.86	3.09	2.85
544	3.02	2.69	2.83	2.69
545	3.02	2.83	2.96	2.75
546	2.84	2.83	2.96	2.71
547	2.9	2.96	3.18	2.88
548	2.94	2.79	2.94	2.78
549	3.04	2.74	2.88	2.77
550	3.04	2.54	2.63	2.58
551	3.08	2.58	2.51	2.47
552	3.17	2.53	2.33	2.38
553	2.97	2.3	2.09	2.25
554	2.83	2.2	2.15	2.22
555	3.04	2.3	2.19	2.22
556	3.06	2.31	2.09	2.16
557	3.01	2.34	1.95	2.13
558	3.26	2.62	2.12	2.3
559	3.57	2.86	2.44	2.57
560	3.93	3.23	2.76	2.89
561	3.99	3.32	2.84	3.03
562	3.98	3.26	2.87	2.98
563	4.01	3.19	2.83	2.87
564	3.71	2.88	2.6	2.64
565	3.94	2.98	2.81	2.71
566	3.91	3.0	2.74	2.62
567	3.53	2.66	2.44	2.36
568	3.45	2.59	2.39	2.26
569	3.12	2.32	2.1	2.07
570	3.02	2.23	2.07	2.06
571	2.75	2.06	1.87	1.97
572	2.66	2.02	1.9	1.94
573	2.44	1.89	1.8	1.82
574	2.39	1.96	1.81	1.86
575	2.37	2.01	1.89	1.93
576	2.21	2.0	2.0	1.89
577	2.18	2.12	2.12	1.98
578	2.0	2.01	1.84	1.82
579	2.21	2.25	2.07	2.06
580	2.28	2.37	2.08	2.14
581	2.23	2.28	2.07	2.17
582	2.61	2.62	2.42	2.45
583	2.58	2.62	2.41	2.37
584	2.66	2.65	2.51	2.41
585	2.51	2.5	2.37	2.26
586	2.2	2.17	2.02	2.0
587	2.28	2.25	2.08	2.06
588	2.48	2.42	2.24	2.17
589	2.27	2.12	1.98	1.94
590	2.11	1.94	1.78	1.78
591	2.37	2.19	2.02	1.97
592	2.43	2.21	2.04	1.95
593	2.2	1.92	1.72	1.7
594	2.29	1.99	1.83	1.74
595	2.55	2.23	2.07	1.93
596	2.5	2.09	1.85	1.82
597	2.4	1.97	1.73	1.67
598	2.64	2.21	2.03	1.85
599	2.82	2.32	2.1	1.93
600	2.71	2.14	1.94	1.79
601	2.74	2.22	2.08	1.84
602	3.05	2.51	2.35	2.03
603	3.1	2.48	2.29	1.97
604	3.01	2.43	2.26	1.91
605	3.26	2.72	2.62	2.13
606	3.48	2.94	2.76	2.25
607	3.44	2.9	2.68	2.22
608	3.43	3.02	2.73	2.32
609	3.68	3.04	2.96	2.36
610	3.63	2.85	2.81	2.26
611	3.31	2.52	2.44	2.05
612	3.07	2.4	2.22	1.88
613	2.78	2.11	1.94	1.74
614	2.44	1.82	1.64	1.52
615	2.27	1.74	1.51	1.47
616	2.07	1.65	1.37	1.36
617	1.96	1.72	1.4	1.42
618	1.76	1.58	1.3	1.35
619	1.68	1.52	1.29	1.33
620	1.77	1.55	1.27	1.23
621	1.57	1.4	1.16	1.06
622	1.4	1.34	1.12	1.1
623	1.65	1.48	1.35	1.21
624	1.7	1.52	1.37	1.11
625	1.56	1.45	1.46	1.0
626	1.7	1.48	1.73	1.04
627	1.92	1.72	1.41	1.32
628	1.84	1.76	1.81	1.29
629	1.54	1.23	1.79	1.6
630	1.4	1.28	1.49	1.89
631	1.55	1.43	1.54	2.01
632	1.6	1.36	1.21	1.72
633	1.36	1.35	1.06	1.68
634	1.58	1.61	1.13	1.85
635	1.67	1.59	1.17	1.45
636	1.37	1.43	0.93	1.07
637	1.09	1.51	1.04	1.42
638	1.1	1.69	1.21	1.95
639	1.03	1.55	1.05	2.04
640	1.05	1.43	0.98	1.84
641	1.03	1.59	1.08	1.83
642	1.01	1.64	1.12	1.82
643	0.93	1.41	1.01	1.52
644	0.96	1.19	0.94	1.43
645	0.98	1.32	0.97	1.45
646	0.95	1.4	1.03	1.35
647	0.97	1.19	0.98	1.27
648	1.14	1.05	0.93	1.34
649	1.3	1.09	1.0	1.17
650	1.51	1.23	1.12	1.32
651	1.8	1.54	1.12	1.49
652	2.01	2.51	1.27	1.21
653	2.62	3.19	1.89	1.27
654	2.84	3.4	1.73	2.6
655	3.23	4.56	2.17	3.24
656	3.96	3.91	2.13	2.85
657	4.8	3.42	2.07	1.89
658	4.51	2.87	2.73	2.19
659	3.0	2.89	2.27	2.39
660	2.55	2.77	1.61	1.71
661	3.08	2.97	1.48	1.72
662	3.02	2.96	1.4	1.72
663	1.82	1.8	1.29	1.37
664	1.41	1.26	1.09	1.09
665	1.02	1.08	0.94	0.96
666	0.92	1.2	0.87	1.0
667	1.03	1.23	0.9	1.09
668	1.07	1.08	0.84	0.94
669	0.93	0.94	0.86	0.88
670	0.9	0.96	0.85	0.87
671	1.21	0.93	0.84	0.9
672	1.26	0.95	0.82	0.94
673	1.1	0.83	0.87	0.81
674	1.13	0.78	0.83	0.76
675	1.21	0.84	0.74	0.81
676	1.17	0.88	0.82	0.82
677	1.08	0.81	0.9	0.7
678	0.9	0.75	0.71	0.62
679	0.72	0.76	0.57	0.55
680	0.88	0.74	0.64	0.61
681	0.86	0.77	0.69	0.63
682	0.65	0.73	0.64	0.57
683	0.68	0.82	0.59	0.55
684	0.81	0.89	0.68	0.6
685	0.77	0.9	0.82	0.7
686	0.74	0.89	0.81	0.72
687	0.85	0.94	0.75	0.74
688	0.93	1.04	0.81	0.81
689	0.97	1.19	0.95	0.94
690	1.07	1.24	0.96	0.98
691	1.17	1.28	0.9	1.03
692	0.96	0.99	0.79	0.9
693	1.04	1.04	0.8	1.13
694	0.93	0.82	0.68	0.85
695	1.0	0.85	0.63	0.73
696	1.06	0.92	0.71	0.92
697	1.4	0.92	0.75	0.86
698	1.47	0.9	0.66	0.65
699	1.14	0.85	0.7	0.67
700	1.11	0.91	0.71	0.63
701	1.01	0.98	0.62	0.55
702	0.98	0.83	0.57	0.55
703	1.1	0.81	0.67	0.67
704	1.04	1.13	0.71	0.72
705	1.23	1.27	0.93	0.75
706	1.36	1.08	1.0	0.75
707	1.77	1.37	1.25	0.86
708	2.19	1.9	1.48	1.21
709	2.19	1.72	1.47	1.2
710	2.41	1.75	1.44	1.08
711	2.27	1.64	1.2	1.07
712	1.56	1.29	1.07	1.08
713	1.35	1.32	0.94	1.08
714	1.14	1.31	0.79	0.85
715	1.21	1.25	0.85	0.88
716	1.54	1.4	1.01	1.1
717	1.5	1.2	0.91	1.02
718	1.24	1.13	0.9	0.9
719	1.43	1.37	1.06	1.03
720	1.57	1.44	1.0	1.0
721	1.44	1.32	0.93	0.98
722	1.62	1.52	1.19	1.17
723	1.91	1.78	1.37	1.32
724	1.86	1.74	1.25	1.24
725	2.14	2.09	1.47	1.59
726	1.99	1.95	1.3	1.47
727	2.3	2.1	1.39	1.52
728	2.62	2.38	1.65	1.74
729	2.6	2.36	1.72	1.62
730	2.19	1.96	1.39	1.29
731	2.01	1.78	1.37	1.18
732	1.72	1.55	1.2	1.05
733	1.66	1.49	1.17	0.9
734	1.77	1.57	1.18	0.91
735	1.64	1.47	1.04	0.93
736	1.41	1.27	0.92	0.77
737	1.52	1.37	1.0	0.79
738	1.67	1.48	1.03	0.89
739	1.51	1.35	0.88	0.83
740	1.39	1.23	0.8	0.75
741	1.59	1.45	0.98	0.78
742	1.75	1.58	1.0	0.86
743	1.59	1.43	0.9	0.81
744	1.42	1.37	0.85	0.87
745	1.5	1.48	1.03	0.88
746	1.54	1.62	1.1	0.88
747	1.39	1.6	0.93	0.85
748	1.22	1.58	1.0	0.77
749	1.25	1.51	1.2	0.87
750	1.08	1.58	1.05	1.02
751	1.03	1.77	0.78	0.93
752	1.17	1.47	0.77	0.82
753	1.0	1.03	0.75	0.71
754	0.91	1.01	0.68	0.74
755	0.83	0.89	0.55	0.7
756	0.87	0.8	0.52	0.66
757	0.8	0.87	0.51	0.63
758	0.76	0.87	0.5	0.64
759	0.81	0.84	0.52	0.7
760	0.85	0.91	0.58	0.73
761	0.93	1.01	0.69	0.92
762	0.83	0.94	0.7	0.89
763	0.85	1.0	0.76	0.83
764	0.92	1.02	0.87	0.9
765	1.05	1.18	1.13	1.11
766	0.95	0.98	0.62	0.65
767	1.0	0.97	0.57	0.63
768	1.02	0.91	0.59	0.61
769	0.83	0.81	0.5	0.51
770	0.92	0.83	0.6	0.54
771	1.1	0.83	0.57	0.53
772	0.74	0.79	0.47	0.49
773	0.72	0.84	0.47	0.48
774	0.74	0.85	0.5	0.54
775	0.69	0.85	0.47	0.53
776	0.71	0.85	0.47	0.52
777	0.83	0.93	0.55	0.59
778	0.69	0.86	0.52	0.55
779	0.65	0.82	0.48	0.49
780	0.71	0.86	0.54	0.53
781	0.68	0.83	0.64	0.58
782	0.6	0.74	0.58	0.48
783	0.67	0.8	0.55	0.48
784	0.77	0.88	0.64	0.56
785	0.77	0.78	0.66	0.53
786	0.75	0.72	0.57	0.5
787	0.84	0.93	0.61	0.63
788	1.02	1.06	0.76	0.69
789	1.0	0.93	0.74	0.62
790	0.91	0.82	0.67	0.58
791	0.86	0.8	0.56	0.57
792	1.02	0.93	0.61	0.61
793	1.06	0.97	0.7	0.62
794	0.99	0.89	0.68	0.66
795	1.08	0.92	0.65	0.69
796	1.23	1.07	0.76	0.7
797	1.23	1.1	0.83	0.75
798	1.2	1.06	0.84	0.82
799	1.39	1.15	0.95	0.86
800	1.46	1.39	1.23	1.07
801	1.44	1.69	1.36	1.48
802	1.62	1.81	1.43	1.5
803	1.88	2.0	1.7	1.71
804	1.9	2.36	1.98	2.21
805	1.97	2.43	1.87	2.27
806	1.78	2.68	1.71	2.07
807	1.77	2.73	1.46	2.06
808	1.95	2.51	1.09	1.55
809	2.4	3.14	1.49	1.56
810	2.97	3.24	1.36	2.03
811	3.1	2.82	1.59	2.66
812	3.6	2.83	2.39	3.16
813	3.82	2.97	2.28	3.04
814	4.3	3.24	3.48	3.8
815	4.03	3.15	2.97	3.72
816	3.43	2.92	3.15	4.6
817	3.37	3.97	3.58	3.08
818	3.91	4.16	2.9	2.84
819	3.88	4.64	3.19	3.09
820	3.83	5.08	3.26	3.23
821	4.15	4.92	3.1	2.76
822	3.74	5.2	3.31	2.93
823	3.84	4.41	2.9	2.48
824	3.65	3.83	3.5	2.62
825	2.81	3.26	2.71	1.84
826	2.47	3.11	1.92	2.3
827	2.24	3.02	2.04	2.51
828	1.92	2.06	1.51	1.49
829	1.95	1.83	1.44	1.3
830	2.02	2.1	1.57	1.44
831	1.8	1.97	1.48	1.42
832	1.66	1.54	1.22	1.21
833	1.89	1.72	1.31	1.27
834	2.01	2.04	1.48	1.41
835	1.75	1.92	1.4	1.37
836	1.52	1.63	1.18	1.24
837	1.47	1.48	1.06	1.18
838	1.7	1.77	1.29	1.31
839	1.63	1.76	1.28	1.28
840	1.39	1.42	0.99	1.1
841	1.47	1.41	0.99	1.15
842	1.66	1.7	1.12	1.26
843	1.74	1.82	1.16	1.33
844	1.72	2.0	1.21	1.37
845	1.54	1.64	1.08	1.11
846	1.38	1.39	0.91	0.99
847	1.41	1.54	1.01	1.06
848	1.44	1.57	1.05	1.09
849	1.29	1.24	0.91	0.92
850	1.21	1.18	0.88	0.91
851	1.28	1.4	0.98	1.03
852	1.23	1.27	0.95	0.98
853	1.0	0.99	0.83	0.82
854	1.06	1.1	0.86	0.87
855	1.16	1.22	0.95	0.93
856	1.0	1.04	0.9	0.82
857	0.87	1.0	0.81	0.77
858	1.06	1.2	0.92	0.93
859	1.01	1.19	0.96	0.91
860	0.82	1.08	0.86	0.77
861	0.91	1.24	0.94	0.87
862	0.98	1.45	1.08	1.0
863	0.92	1.38	1.05	0.91
864	0.93	1.37	1.01	0.88
865	1.1	1.7	1.14	1.09
866	1.1	1.7	1.22	1.08
867	1.09	1.21	0.96	0.9
868	1.02	1.1	0.92	0.98
869	0.89	0.97	0.81	0.88
870	1.0	0.95	0.74	0.89
871	1.01	0.89	0.86	0.82
872	1.36	1.22	1.21	1.0
873	1.75	1.67	1.45	1.06
874	2.16	2.0	1.43	1.2
875	2.06	1.91	1.33	1.05
876	2.02	1.98	1.38	0.9
877	1.67	1.67	1.22	0.98
878	1.76	1.91	1.53	1.21
879	1.78	2.04	1.77	1.49
880	1.8	2.1	1.79	1.64
881	1.71	1.74	1.47	1.27
882	1.93	1.69	1.54	1.29
883	1.83	1.56	1.37	1.15
884	1.73	1.61	1.43	1.21
885	2.02	1.64	1.53	1.37
886	2.1	1.62	1.43	1.31
887	2.01	1.61	1.42	1.3
888	2.15	1.74	1.64	1.5
889	2.43	1.84	1.64	1.6
890	2.51	1.97	1.58	1.56
891	2.62	2.03	1.84	1.88
892	2.84	2.11	2.05	1.98
893	2.96	2.11	1.98	1.96
894	2.91	2.14	1.8	1.91
895	2.9	2.2	1.86	1.93
896	2.67	2.04	1.75	1.85
897	2.53	2.11	1.56	1.89
898	2.19	2.18	1.5	1.71
899	2.26	2.19	1.53	1.68
900	2.25	2.15	1.49	1.6
901	2.34	2.25	1.62	1.66
902	2.62	2.39	1.75	1.75
903	2.61	2.45	1.84	1.83
904	2.98	2.68	2.12	2.02
905	3.07	2.78	2.25	2.11
906	3.34	3.04	2.51	2.35
907	3.63	3.25	2.82	2.6
908	3.76	3.21	2.73	2.6
909	4.14	3.52	2.99	2.92
910	3.86	3.35	2.95	2.68
911	4.25	3.64	3.2	2.9
912	4.57	3.81	3.3	3.1
913	4.67	3.84	3.39	3.22
914	4.64	3.73	3.27	3.17
915	4.2	3.43	3.03	2.82
916	4.1	3.37	3.01	2.82
917	4.34	3.47	3.06	2.98
918	4.13	3.21	2.85	2.76
919	3.77	2.93	2.66	2.62
920	3.89	3.09	2.73	2.71
921	4.04	3.23	2.76	2.86
922	4.25	3.38	2.99	2.98
923	4.67	3.49	3.15	3.24
924	4.94	3.72	3.43	3.28
925	4.55	3.54	3.22	3.13
926	4.58	3.35	3.24	3.75
927	4.57	3.57	3.17	3.01
928	4.12	3.47	2.87	2.99
929	3.89	3.03	2.72	2.61
930	3.54	2.85	2.41	2.33
931	3.43	2.84	2.35	2.36
932	3.73	2.98	2.51	2.5
933	3.67	2.87	2.37	2.38
934	3.32	2.69	2.17	2.18
935	3.55	2.84	2.39	2.35
936	3.9	2.99	2.49	2.47
937	3.57	2.83	2.29	2.26
938	3.46	2.74	2.3	2.27
939	3.78	3.02	2.59	2.67
940	4.07	3.02	3.0	3.01
941	4.3	3.87	3.8	3.84
942	4.38	3.53	3.45	3.68
943	4.18	3.14	2.64	3.19
944	3.45	2.61	2.33	2.65
945	3.17	2.2	1.8	2.09
946	2.99	2.26	1.75	1.91
947	2.97	2.38	1.87	2.08
948	2.95	2.47	2.04	2.07
949	3.09	2.7	2.2	2.1
950	2.96	2.64	2.11	2.05
951	3.17	2.95	2.29	2.15
952	3.22	2.94	2.35	2.2
953	3.18	2.92	2.43	2.31
954	3.59	3.16	2.69	2.51
955	3.77	3.26	2.79	2.68
956	3.51	3.16	2.83	2.71
957	3.63	3.25	2.94	2.78
958	4.0	3.5	3.15	2.99
959	3.94	3.52	3.24	3.09
960	3.83	3.45	3.28	3.1
961	4.15	3.66	3.42	3.25
962	4.4	3.86	3.63	3.41
963	4.71	4.06	4.07	3.76
964	4.99	4.3	4.47	3.9
965	4.58	3.95	4.26	3.65
966	4.66	4.06	4.22	3.9
967	4.23	3.74	4.15	3.61
968	4.31	3.75	3.68	3.5
969	4.59	4.09	4.09	3.76
970	4.89	4.54	4.49	4.06
971	5.34	4.98	5.02	4.41
972	5.92	5.46	5.5	4.96
973	6.92	6.16	5.9	5.42
974	8.1	6.61	6.29	6.47
975	8.75	6.84	6.4	7.07
976	7.57	6.36	5.99	6.0
977	6.18	6.22	5.83	5.86
978	5.35	5.43	5.16	4.84
979	5.06	4.88	4.81	4.31
980	4.59	4.34	4.27	3.91
981	4.73	4.25	4.38	3.98
982	4.69	4.04	4.55	4.14
983	5.09	3.91	4.62	4.43
984	5.62	4.23	5.15	4.81
985	5.6	4.68	5.7	4.68
986	5.74	4.99	5.87	5.42
987	5.7	5.16	6.09	5.31
988	6.5	5.46	6.22	5.35
989	6.01	5.41	5.71	5.73
990	5.42	4.68	5.14	5.15
991	5.65	4.67	5.21	4.65
992	5.29	4.58	4.77	4.3
993	4.96	4.3	4.35	3.89
994	5.15	4.21	4.23	3.68
995	5.0	4.28	4.26	3.72
996	5.36	4.67	4.62	4.11
997	5.42	4.74	4.71	4.47
998	5.48	4.77	4.66	4.44
999	5.68	4.96	4.87	4.93
1000	5.25	4.46	4.28	4.39
1001	4.81	3.98	3.92	3.83
1002	4.64	3.95	3.82	3.48
1003	4.64	3.99	3.59	3.32
1004	4.62	4.01	3.62	3.34
1005	4.86	4.14	3.71	3.47
1006	4.64	3.99	3.56	3.35
1007	4.71	4.08	3.7	3.49
1008	4.54	3.99	3.64	3.43
1009	4.24	3.7	3.35	3.08
1010	4.17	3.66	3.33	3.05
1011	4.29	3.81	3.5	3.25
1012	4.14	3.63	3.41	3.17
1013	3.74	3.37	3.06	2.88
1014	3.7	3.38	3.11	2.93
1015	3.86	3.47	3.3	3.1
1016	3.57	3.25	3.08	2.91
1017	3.28	3.08	2.89	2.75
1018	3.53	3.24	3.12	3.02
1019	3.61	3.27	3.2	3.14
1020	3.48	3.22	3.29	3.45
1021	3.47	3.29	3.26	3.67
1022	3.7	3.81	3.34	3.79
1023	3.91	4.22	3.39	3.84
1024	4.19	4.69	3.51	3.93
1025	4.05	4.22	3.41	3.6
1026	3.72	3.53	3.26	3.14
1027	3.83	3.55	3.03	2.99
1028	3.48	3.22	3.11	2.91
1029	3.2	2.95	2.87	2.71
1030	3.14	2.92	2.85	2.76
1031	2.98	2.82	2.81	2.76
1032	2.87	2.74	2.52	2.42
1033	2.84	2.75	2.41	2.24
1034	2.93	2.87	2.57	2.43
1035	2.7	2.69	2.36	2.27
1036	2.69	2.62	2.25	2.14
1037	2.92	2.81	2.36	2.22
1038	2.98	2.84	2.44	2.28
1039	3.34	3.1	2.77	2.56
1040	3.68	3.31	3.1	2.8
1041	4.03	3.57	3.56	3.24
1042	4.27	3.7	3.68	3.35
1043	3.97	3.45	3.46	3.1
1044	3.83	3.39	3.18	2.84
1045	3.44	3.13	2.79	2.52
1046	3.27	3.01	2.63	2.36
1047	2.97	2.78	2.31	2.13
1048	2.86	2.68	2.19	2.06
1049	2.67	2.54	1.98	1.91
1050	2.77	2.55	1.97	1.91
1051	2.57	2.45	1.84	1.83
1052	2.63	2.37	1.79	1.82
1053	2.52	2.18	1.62	1.75
1054	2.59	2.22	1.55	1.71
1055	3.0	2.19	1.61	1.89
1056	2.76	2.06	1.59	1.88
1057	2.66	2.17	1.71	1.74
1058	3.06	2.2	1.6	1.85
1059	2.83	1.9	1.74	1.3
1060	2.5	1.73	1.34	1.21
1061	2.78	1.82	1.4	1.36
1062	3.07	2.03	1.58	1.46
1063	2.71	1.95	1.31	1.36
1064	2.58	1.85	1.09	1.25
1065	3.0	2.0	1.39	1.47
1066	2.98	2.05	1.41	1.51
1067	2.67	2.05	1.22	1.41
1068	2.98	2.14	1.37	1.55
1069	3.22	2.23	1.63	1.73
1070	2.94	2.26	1.58	1.7
1071	2.93	2.34	1.57	1.74
1072	3.39	2.48	1.84	1.99
1073	3.37	2.53	1.97	2.04
1074	3.14	2.54	1.89	1.95
1075	3.44	2.68	2.05	2.1
1076	3.78	2.82	2.3	2.33
1077	3.57	2.81	2.3	2.3
1078	3.58	2.86	2.31	2.27
1079	3.96	3.04	2.6	2.53
1080	4.03	3.17	2.77	2.65
1081	3.9	3.13	2.69	2.55
1082	4.0	3.23	2.8	2.63
1083	4.26	3.39	3.17	2.95
1084	4.27	3.46	3.2	2.95
1085	4.59	3.74	3.45	3.22
1086	4.45	3.79	3.39	3.14
1087	4.05	3.47	3.04	2.81
1088	3.95	3.42	2.97	2.8
1089	4.03	3.47	2.98	2.99
1090	3.84	3.29	2.65	2.68
1091	3.59	3.08	2.45	2.36
1092	3.29	2.81	2.15	2.12
1093	3.03	2.64	1.99	1.97
1094	2.68	2.37	1.76	1.85
1095	2.51	2.2	1.52	1.58
1096	2.06	2.05	1.37	1.5
1097	1.97	1.93	1.17	1.47
1098	1.77	1.75	1.17	1.95
1099	1.77	1.63	0.95	2.18
1100	1.68	1.61	0.88	1.42
1101	1.43	1.51	0.84	1.15
1102	1.57	1.53	0.78	1.03
1103	1.62	1.46	0.84	0.98
1104	2.08	1.63	0.81	1.1
1105	1.94	1.49	0.89	1.01
1106	1.79	1.6	0.84	1.04
1107	2.29	2.0	0.98	1.2
1108	2.32	2.43	0.93	1.04
1109	2.88	2.9	0.81	0.82
1110	2.06	2.38	0.82	0.83
1111	1.59	1.82	0.83	0.86
1112	1.94	2.1	0.74	0.83
1113	1.67	1.89	0.71	0.76
1114	1.18	1.62	0.73	0.75
1115	1.12	1.51	0.72	0.66
1116	1.13	1.48	0.65	0.65
1117	1.11	1.57	0.66	0.7
1118	1.01	1.48	0.74	0.76
1119	0.82	1.3	0.75	0.71
1120	0.94	1.47	0.7	0.75
1121	1.16	1.82	0.62	0.7
1122	1.05	1.66	0.84	0.72
1123	0.93	1.45	1.19	1.07
1124	1.05	1.77	1.14	1.02
1125	0.95	1.57	0.76	0.63
1126	1.07	1.74	0.97	0.67
1127	1.29	1.98	1.25	0.75
1128	1.27	1.75	1.09	0.81
1129	1.05	1.2	0.78	0.8
1130	1.22	1.33	0.73	1.01
1131	1.48	1.41	1.16	1.14
1132	1.82	1.47	1.28	1.28
1133	1.83	1.96	1.45	1.54
1134	1.48	1.49	0.99	1.23
1135	1.21	1.25	0.87	1.15
1136	1.31	1.4	0.78	1.06
1137	1.27	1.45	0.8	1.1
1138	1.0	1.09	0.71	1.19
1139	0.89	1.03	0.65	1.08
1140	0.9	1.01	0.65	0.92
1141	0.89	0.88	0.64	1.02
1142	0.8	0.87	0.61	1.04
1143	0.75	1.0	0.65	0.87
1144	0.78	0.93	0.62	0.76
1145	0.79	0.87	0.63	0.7
1146	0.73	1.0	0.63	0.68
1147	0.74	1.07	0.7	0.6
1148	0.75	1.01	0.7	0.58
1149	0.65	0.96	0.65	0.53
1150	0.62	0.98	0.64	0.51
1151	0.68	0.96	0.7	0.57
1152	0.65	0.91	0.68	0.55
1153	0.62	0.87	0.64	0.51
1154	0.63	0.86	0.64	0.58
1155	0.73	0.93	0.7	0.68
1156	0.73	0.94	0.72	0.68
1157	0.73	0.95	0.7	0.71
1158	1.1	1.2	0.76	0.96
1159	1.38	1.28	0.91	1.14
1160	1.06	1.2	0.82	1.03
1161	0.95	1.31	0.88	1.05
1162	0.83	0.87	0.7	0.81
1163	0.87	0.81	0.67	0.82
1164	0.77	0.7	0.57	0.73
1165	0.78	0.66	0.52	0.66
1166	0.84	0.7	0.57	0.63
1167	0.97	0.66	0.55	0.6
1168	0.84	0.69	0.53	0.56
1169	0.78	0.68	0.52	0.55
1170	0.78	0.72	0.52	0.5
1171	0.62	0.75	0.55	0.59
1172	0.67	0.72	0.56	0.58
1173	0.79	0.77	0.73	1.08
1174	0.74	0.86	0.9	1.52
1175	0.7	0.83	0.78	2.51
1176	0.74	0.9	0.69	2.1
1177	0.9	1.02	0.8	1.83
1178	0.9	1.06	0.82	1.98
1179	0.76	1.1	0.64	1.36
1180	0.93	1.13	0.58	0.98
1181	1.13	1.19	0.61	1.1
1182	1.04	0.98	0.75	1.31
1183	0.79	0.73	0.57	1.06
1184	0.92	1.0	0.79	0.92
1185	1.2	1.41	1.08	1.04
1186	1.16	1.29	0.88	0.85
1187	0.99	0.94	0.64	0.85
1188	1.09	1.28	1.03	1.04
1189	1.17	1.42	1.14	1.09
1190	1.13	1.19	0.91	1.03
1191	1.28	1.3	1.1	1.2
1192	1.46	1.75	1.36	1.32
1193	1.48	1.75	1.28	1.3
1194	1.73	1.83	1.37	1.52
1195	1.73	1.74	1.26	1.5
1196	1.93	1.72	1.38	1.69
1197	1.51	1.49	1.1	1.41
1198	1.28	1.27	0.86	1.18
1199	1.31	1.35	0.92	1.19
1200	1.41	1.44	1.03	1.28
1201	1.27	1.29	0.92	1.15
1202	1.17	1.15	0.84	1.02
1203	1.32	1.34	0.99	1.12
1204	1.42	1.43	1.05	1.14
1205	1.38	1.33	0.99	1.06
1206	1.31	1.29	0.98	1.04
1207	1.41	1.42	1.06	1.14
1208	1.86	1.71	1.13	1.31
1209	2.27	2.02	1.23	1.37
1210	1.74	1.91	1.39	1.49
1211	1.21	1.44	1.47	1.48
1212	1.65	1.3	1.37	1.24
1213	1.88	1.34	1.44	1.47
1214	1.71	1.4	1.62	1.55
1215	1.51	1.53	1.94	1.52
1216	1.51	1.49	1.88	1.41
1217	1.81	1.89	2.34	1.5
1218	2.28	2.31	2.7	1.72
1219	1.95	1.76	1.89	1.49
1220	1.54	1.09	1.05	1.06
1221	1.17	1.46	1.16	0.98
1222	1.06	1.61	1.28	1.07
1223	1.23	1.59	1.31	1.08
1224	1.13	1.33	1.2	1.05
1225	0.89	1.13	1.47	1.01
1226	0.96	1.29	1.21	1.03
1227	1.03	1.33	1.24	0.93
1228	1.11	1.05	1.3	0.86
1229	1.21	1.02	0.85	0.86
1230	1.62	1.26	1.34	0.93
1231	1.75	1.3	1.75	0.91
1232	2.14	1.86	1.6	0.92
1233	1.86	1.44	1.56	0.88
1234	1.54	1.02	1.2	0.77
1235	1.13	0.87	0.96	0.7
1236	1.17	0.77	0.83	0.69
1237	1.17	0.71	0.77	0.74
1238	1.19	0.91	0.78	0.72
1239	0.99	0.98	0.84	0.93
1240	0.98	0.95	0.79	0.89
1241	0.81	0.74	0.76	0.76
1242	0.8	0.76	0.75	0.76
1243	0.77	0.9	0.73	0.74
1244	0.84	0.9	0.73	0.71
1245	0.85	0.73	0.76	0.76
1246	0.74	0.78	0.7	0.73
1247	0.73	0.87	0.74	0.68
1248	0.92	0.86	0.81	0.72
1249	0.91	0.77	0.76	0.68
1250	0.73	0.94	0.69	0.6
1251	0.87	1.1	0.78	0.72
1252	1.04	0.92	0.78	0.79
1253	0.92	0.89	0.74	0.74
1254	0.72	0.86	0.68	0.72
1255	0.85	0.97	0.76	0.83
1256	1.07	1.05	0.83	0.88
1257	1.04	1.02	0.73	0.79
1258	0.9	0.9	0.69	0.75
1259	0.86	0.86	0.67	0.75
1260	1.06	0.95	0.65	0.85
1261	1.13	1.05	0.7	0.88
1262	1.0	1.01	0.68	0.87
1263	1.02	1.0	0.67	0.89
1264	1.22	1.14	0.76	0.98
1265	1.24	1.29	0.89	1.06
1266	1.14	1.25	0.87	1.07
1267	1.13	1.19	0.84	1.06
1268	1.39	1.45	0.93	1.2
1269	1.71	1.69	1.02	1.43
1270	1.78	1.8	1.14	1.54
1271	2.66	2.24	1.57	2.12
1272	3.44	2.67	2.41	2.69
1273	4.3	3.16	2.46	3.16
1274	3.91	3.03	2.68	2.78
1275	3.93	3.18	3.18	2.8
1276	4.93	3.83	3.36	3.46
1277	5.24	4.2	4.07	3.66
1278	5.3	4.43	4.74	3.71
1279	7.19	4.85	4.98	4.61
1280	7.79	5.44	5.59	6.61
1281	8.74	6.43	6.99	8.0
1282	10.1	6.57	8.67	9.25
