res id	RMSF_md1 (Å)	RMSF_md2 (Å)	RMSF_md3 (Å)	RMSF_md4 (Å)	RMSF_md5 (Å)
22	9.26	4.07	10.01	12.99	5.23
23	8.41	3.97	8.15	10.64	5.32
24	7.34	3.88	6.54	8.76	5.33
25	7.06	4.1	5.08	7.3	5.7
26	6.01	4.23	4.15	6.01	5.6
27	5.86	4.56	3.8	5.74	5.41
28	5.69	4.9	3.96	5.52	5.65
29	5.95	4.74	3.86	4.52	6.09
30	5.6	4.71	3.78	3.98	5.42
31	5.46	4.23	3.68	3.93	5.41
32	4.87	3.96	3.45	3.75	5.16
33	4.97	3.83	3.37	3.61	5.03
34	4.81	3.75	3.29	3.47	4.99
35	4.91	3.85	3.38	3.53	5.15
36	5.2	3.98	3.38	3.53	5.3
37	4.76	3.82	3.16	3.34	5.11
38	4.94	3.92	3.16	3.43	5.26
39	4.92	3.77	2.97	3.29	5.28
40	4.54	3.56	2.83	3.09	4.94
41	4.56	3.53	2.82	3.01	4.78
42	5.08	3.83	2.94	3.15	5.26
43	5.09	3.69	2.82	3.03	5.01
44	4.46	3.64	2.84	2.91	4.95
45	4.4	4.28	3.37	2.99	5.93
46	4.11	4.47	3.94	2.87	6.6
47	3.7	4.44	4.29	2.79	6.43
48	3.26	4.43	4.16	2.87	6.14
49	3.38	3.48	3.13	2.81	4.87
50	3.56	3.5	2.99	2.82	4.29
51	3.78	3.17	2.66	2.66	4.09
52	3.86	3.26	2.74	2.69	4.18
53	4.09	3.46	2.85	2.95	4.66
54	4.35	3.53	2.95	3.07	4.73
55	4.63	3.72	3.06	3.3	4.94
56	5.02	3.91	3.19	3.47	5.14
57	5.09	3.95	3.26	3.63	5.17
58	5.45	4.09	3.52	3.79	5.35
59	6.07	4.24	3.81	3.94	5.56
60	6.18	4.53	4.01	4.13	5.77
61	5.98	4.47	3.95	4.15	5.68
62	5.56	4.15	3.77	4.0	5.54
63	5.81	4.21	3.84	4.08	5.71
64	5.8	4.2	3.88	4.22	5.79
65	5.37	4.21	3.69	4.16	5.61
66	5.58	4.35	3.77	4.38	5.69
67	5.6	4.45	3.76	4.37	5.68
68	5.25	4.28	3.59	4.07	5.49
69	4.99	4.16	3.49	3.87	5.34
70	4.81	4.1	3.5	3.87	5.27
71	4.7	4.03	3.4	3.72	5.15
72	4.34	3.89	3.19	3.46	4.93
73	4.15	3.81	3.16	3.41	4.82
74	4.03	3.83	3.19	3.42	4.74
75	3.86	3.72	2.98	3.21	4.6
76	3.53	3.57	2.82	3.05	4.35
77	3.49	3.52	2.89	3.14	4.21
78	3.53	3.61	3.07	3.39	4.33
79	3.46	3.56	3.07	3.46	4.37
80	3.81	3.57	3.22	3.56	4.53
81	4.09	3.74	3.39	3.82	4.81
82	4.42	3.84	3.7	4.12	5.03
83	4.81	4.01	4.0	4.37	5.35
84	5.24	3.89	4.0	4.58	5.39
85	5.59	4.12	4.22	4.89	5.42
86	5.53	4.34	4.17	4.49	5.89
87	5.04	4.09	3.74	4.11	5.4
88	5.11	4.03	3.65	4.01	5.43
89	4.8	3.9	3.38	3.76	5.23
90	5.0	3.85	3.39	3.64	5.17
91	4.87	3.82	3.29	3.54	5.16
92	5.11	3.94	3.35	3.65	5.36
93	4.84	3.98	3.29	3.58	5.26
94	4.74	3.84	3.13	3.43	5.18
95	4.48	3.65	3.03	3.28	4.97
96	4.12	3.62	2.96	3.16	4.82
97	4.0	3.61	2.86	3.1	4.82
98	3.86	3.49	2.7	2.94	4.7
99	3.63	3.34	2.65	2.83	4.52
100	3.5	3.32	2.63	2.88	4.49
101	3.43	3.28	2.55	2.8	4.5
102	3.25	3.15	2.46	2.57	4.43
103	3.05	3.05	2.4	2.35	4.19
104	2.94	3.07	2.43	2.29	3.78
105	2.7	2.84	2.27	2.16	3.71
106	2.57	2.63	2.24	2.06	3.79
107	2.5	2.69	2.25	2.04	3.7
108	2.33	2.49	2.14	1.89	3.29
109	2.2	2.35	2.04	1.81	3.02
110	2.3	2.46	2.11	1.9	3.18
111	2.34	2.61	2.23	1.92	3.25
112	2.15	2.38	2.07	1.88	3.12
113	2.25	2.56	2.2	2.04	3.32
114	2.51	2.74	2.28	2.21	3.5
115	2.65	2.9	2.36	2.32	3.76
116	2.52	2.74	2.3	2.24	3.58
117	2.6	2.75	2.28	2.26	3.5
118	2.85	2.95	2.44	2.41	3.79
119	2.88	2.92	2.47	2.38	3.82
120	2.89	2.86	2.41	2.37	3.7
121	3.09	2.97	2.52	2.54	3.94
122	3.21	3.11	2.71	2.62	4.16
123	3.29	3.06	2.66	2.64	4.03
124	3.45	3.11	2.65	2.71	4.17
125	3.56	3.28	2.82	2.98	4.46
126	3.67	3.34	3.01	3.17	4.42
127	3.81	3.38	2.99	3.1	4.34
128	3.96	3.49	3.01	3.14	4.52
129	4.13	3.58	3.1	3.29	4.71
130	4.19	3.62	3.16	3.42	4.8
131	4.53	3.81	3.4	3.7	5.11
132	4.56	3.78	3.4	3.73	5.04
133	4.48	3.68	3.3	3.55	4.83
134	4.97	3.82	3.45	3.69	4.99
135	4.83	3.77	3.46	3.71	4.93
136	4.4	3.51	3.29	3.46	4.59
137	4.5	3.49	3.23	3.33	4.59
138	4.82	3.56	3.29	3.45	4.68
139	4.83	3.6	3.17	3.4	4.7
140	4.77	3.5	3.17	3.39	4.6
141	4.83	3.57	3.07	3.34	4.73
142	5.02	3.72	3.14	3.4	4.91
143	5.1	3.84	3.21	3.46	5.08
144	5.52	4.13	3.42	3.67	5.46
145	5.9	4.36	3.39	3.87	5.61
146	6.38	4.8	3.84	4.37	5.93
147	6.48	5.16	4.45	4.78	6.35
148	6.72	5.07	4.31	4.79	6.18
149	6.26	4.73	3.78	4.24	5.89
150	5.78	4.5	3.54	3.96	5.63
151	5.4	4.13	3.33	3.66	5.32
152	4.99	3.84	3.1	3.38	5.04
153	4.75	3.62	3.01	3.26	4.72
154	4.51	3.44	2.87	3.09	4.48
155	4.35	3.36	2.95	3.09	4.37
156	4.36	3.35	3.02	3.18	4.36
157	4.27	3.29	3.08	3.19	4.26
158	4.03	3.26	3.04	3.12	4.17
159	4.13	3.27	3.15	3.28	4.24
160	3.88	3.24	3.16	3.12	4.07
161	3.85	3.22	3.19	3.17	4.1
162	3.74	3.07	3.07	3.02	3.84
163	3.59	3.07	3.06	2.98	3.9
164	3.5	3.06	2.99	2.92	3.88
165	3.41	2.93	2.82	2.79	3.65
166	3.28	2.8	2.72	2.6	3.52
167	3.15	2.81	2.7	2.58	3.61
168	3.06	2.81	2.6	2.51	3.51
169	2.95	2.66	2.46	2.39	3.33
170	2.89	2.6	2.4	2.31	3.31
171	2.87	2.68	2.44	2.27	3.37
172	2.76	2.57	2.3	2.15	3.24
173	2.48	2.4	2.26	2.21	3.1
174	2.4	2.26	2.12	2.0	2.99
175	2.15	2.26	1.93	1.84	2.9
176	2.17	2.13	1.85	1.72	2.67
177	2.15	2.07	1.81	1.64	2.62
178	2.2	1.87	1.77	1.56	2.43
179	2.11	1.87	1.72	1.54	2.43
180	2.28	1.93	1.9	1.56	2.41
181	2.3	1.85	2.07	1.61	2.24
182	2.11	2.02	1.99	1.71	2.44
183	2.29	2.19	2.0	1.88	2.66
184	2.27	2.34	1.99	1.92	2.91
185	2.62	2.46	2.19	2.28	3.09
186	2.59	2.43	2.18	2.1	3.15
187	2.53	2.68	2.19	2.08	3.2
188	2.85	2.63	2.31	2.17	2.87
189	3.09	2.45	2.28	2.16	2.77
190	3.29	2.46	2.21	2.3	2.96
191	3.42	2.26	2.15	2.64	3.08
192	3.38	2.3	2.32	2.58	2.93
193	3.83	2.17	2.57	3.01	3.12
194	4.19	2.47	2.82	3.51	3.06
195	3.79	2.27	2.93	3.09	3.09
196	3.4	2.33	2.62	2.6	3.02
197	3.04	2.47	2.43	2.44	2.88
198	3.13	2.63	2.51	2.48	3.04
199	3.16	2.74	2.6	2.48	3.22
200	3.37	2.81	2.64	2.67	3.35
201	3.3	2.59	2.45	2.47	3.16
202	3.09	2.57	2.36	2.25	3.14
203	3.25	2.78	2.51	2.45	3.39
204	3.45	2.78	2.47	2.55	3.39
205	3.3	2.68	2.28	2.33	3.31
206	3.31	2.77	2.34	2.36	3.43
207	3.6	2.82	2.51	2.6	3.57
208	3.68	2.84	2.46	2.58	3.51
209	3.69	2.93	2.49	2.59	3.77
210	3.55	2.92	2.39	2.57	3.84
211	3.28	2.79	2.23	2.36	3.79
212	3.32	2.99	2.37	2.41	3.91
213	3.38	3.05	2.35	2.38	3.98
214	3.55	3.04	2.42	2.46	4.11
215	3.76	3.22	2.56	2.67	4.29
216	3.92	3.24	2.68	2.79	4.23
217	3.87	3.11	2.75	2.73	4.04
218	3.79	3.14	2.68	2.79	3.96
219	3.88	3.1	2.79	2.92	3.95
220	3.73	3.03	2.81	2.89	3.86
221	4.0	3.14	3.03	3.09	3.92
222	3.85	3.09	3.07	3.06	3.82
223	4.08	3.29	3.27	3.35	4.08
224	4.23	3.39	3.32	3.4	4.19
225	4.38	3.83	3.77	3.61	4.75
226	5.1	4.21	4.2	4.01	5.24
227	5.03	3.89	4.0	3.98	4.66
228	5.36	4.15	4.21	4.38	4.87
229	5.16	3.91	3.99	4.23	4.88
230	5.23	4.07	4.03	4.11	4.87
231	5.31	4.15	3.99	4.37	5.15
232	5.35	4.16	3.86	4.26	5.27
233	4.84	3.82	3.6	3.86	4.83
234	4.7	3.74	3.53	3.72	4.86
235	4.37	3.46	3.34	3.45	4.51
236	4.02	3.4	3.19	3.29	4.39
237	3.74	3.34	3.14	3.19	4.34
238	3.56	3.39	3.17	3.1	4.31
239	3.32	3.43	3.04	3.11	4.18
240	3.08	3.14	2.76	2.76	3.79
241	3.07	3.15	2.77	2.67	3.57
242	3.11	3.2	2.84	2.81	3.6
243	2.73	2.94	2.56	2.52	3.58
244	3.33	3.12	2.85	2.82	3.82
245	3.63	3.52	3.12	3.03	3.82
246	4.09	3.26	3.43	3.8	3.94
247	4.64	3.7	3.5	4.39	4.25
248	4.38	3.96	4.37	5.04	4.37
249	4.54	3.82	4.18	4.95	4.09
250	4.77	3.79	3.73	4.54	3.78
251	3.69	3.12	3.0	3.56	3.65
252	3.21	2.66	2.63	2.4	3.49
253	2.6	2.54	2.48	2.28	3.47
254	2.39	2.53	2.26	2.14	3.3
255	2.23	2.25	1.98	1.99	3.06
256	2.42	2.19	2.01	1.99	3.14
257	2.27	2.08	1.98	1.89	2.87
258	2.23	2.19	2.09	1.88	2.89
259	2.7	2.43	2.22	2.17	3.18
260	3.6	2.81	2.67	2.76	3.51
261	4.43	2.89	3.81	3.44	4.11
262	4.63	2.55	4.37	3.47	4.87
263	4.17	3.06	4.28	3.66	4.86
264	4.81	3.3	4.59	3.79	4.41
265	5.13	3.34	3.85	2.98	4.28
266	4.7	3.29	3.12	3.03	4.04
267	3.74	4.12	2.9	3.13	3.54
268	3.05	4.37	2.45	2.68	3.19
269	3.33	4.49	2.11	2.49	2.94
270	3.64	4.77	2.11	2.64	2.68
271	4.06	4.52	1.82	2.63	2.38
272	3.38	3.37	1.49	2.43	2.27
273	2.45	2.43	1.25	2.13	2.04
274	2.01	1.77	1.16	1.51	1.84
275	1.9	1.33	1.04	1.07	1.58
276	1.01	0.98	0.94	0.89	1.36
277	0.98	1.09	1.06	1.01	1.55
278	1.15	1.25	1.29	1.17	2.01
279	1.43	1.64	1.74	1.6	2.73
280	1.36	1.6	1.92	1.66	2.67
281	1.03	1.22	1.44	1.27	1.83
282	0.9	1.02	1.13	1.02	1.43
283	0.83	0.9	0.87	0.86	1.31
284	0.8	0.79	0.83	0.84	1.3
285	0.77	0.87	0.91	0.82	1.27
286	0.72	0.91	0.82	0.8	1.25
287	0.68	0.75	0.71	0.7	1.14
288	0.62	0.69	0.75	0.72	1.04
289	0.66	0.84	0.8	0.78	1.1
290	0.62	0.77	0.66	0.74	1.06
291	0.63	0.65	0.59	0.63	0.89
292	0.68	0.72	0.68	0.78	0.89
293	0.69	0.76	0.68	0.84	0.99
294	0.63	0.72	0.6	0.75	0.83
295	0.58	0.64	0.58	0.68	0.78
296	0.64	0.73	0.57	0.88	0.96
297	0.67	0.79	0.62	0.89	0.97
298	0.62	0.69	0.58	0.74	0.78
299	0.61	0.68	0.59	0.76	0.86
300	0.68	0.8	0.67	0.92	1.02
301	0.72	0.82	0.67	0.82	0.91
302	0.63	0.83	0.63	0.77	0.84
303	0.67	0.97	0.73	0.86	0.97
304	0.8	1.04	0.89	0.94	1.06
305	0.82	1.07	0.89	0.8	0.99
306	0.78	1.05	0.93	0.79	1.03
307	0.94	1.28	1.3	1.02	1.32
308	1.07	1.54	1.46	1.04	1.35
309	1.27	1.82	1.15	1.0	1.32
310	1.47	2.11	1.65	1.27	1.64
311	1.41	2.65	2.39	1.43	2.47
312	2.45	3.52	4.09	2.01	3.45
313	3.19	4.43	4.82	3.26	4.66
314	4.54	5.87	6.07	4.46	5.85
315	6.45	6.57	6.63	5.25	6.07
316	8.12	7.71	7.23	6.62	7.37
317	8.8	9.24	8.32	7.42	8.94
318	8.23	9.92	9.68	7.72	9.17
319	7.56	9.61	10.6	8.15	9.07
320	7.11	8.24	10.61	7.87	7.99
321	6.68	8.07	9.98	7.89	8.38
322	6.84	7.84	9.03	7.83	8.43
323	6.67	8.43	8.63	7.69	7.49
324	5.84	8.56	8.69	7.91	5.93
325	5.45	7.2	8.2	7.36	4.66
326	5.07	5.77	6.61	6.49	3.93
327	4.3	4.33	5.65	5.36	4.22
328	4.81	3.15	4.34	4.43	4.36
329	4.58	2.38	3.16	3.42	3.32
330	3.43	1.88	2.86	2.55	2.61
331	2.32	1.49	2.08	1.79	2.32
332	1.63	1.17	1.5	1.36	1.16
333	1.65	1.04	1.45	1.29	1.14
334	1.34	0.79	1.48	1.13	1.08
335	1.07	0.81	1.29	0.9	0.83
336	1.15	0.74	1.29	0.95	0.77
337	0.93	0.7	1.13	0.74	0.72
338	0.74	0.68	1.05	0.68	0.66
339	0.73	0.75	1.07	0.71	0.6
340	0.69	0.71	1.07	0.64	0.67
341	0.65	0.67	0.91	0.58	0.61
342	0.65	0.67	0.89	0.62	0.66
343	0.68	0.72	0.91	0.71	0.71
344	0.6	0.67	0.82	0.57	0.62
345	0.56	0.61	0.7	0.47	0.59
346	0.63	0.59	0.75	0.55	0.73
347	0.65	0.65	0.79	0.59	0.78
348	0.55	0.51	0.69	0.52	0.68
349	0.6	0.5	0.66	0.53	0.83
350	0.71	0.54	0.76	0.6	0.99
351	0.76	0.59	0.75	0.65	1.0
352	0.59	0.69	0.6	0.56	0.86
353	0.73	0.91	0.69	0.69	0.91
354	0.77	0.75	0.77	0.71	0.86
355	0.58	0.58	0.65	0.6	0.71
356	0.63	0.71	0.6	0.61	0.79
357	0.78	0.9	0.75	0.75	0.88
358	0.75	0.85	0.75	0.77	0.76
359	0.69	0.82	0.71	0.72	0.71
360	0.8	0.97	0.76	0.81	0.78
361	0.83	0.99	0.81	0.8	0.81
362	0.69	0.86	0.73	0.68	0.72
363	0.58	0.75	0.63	0.61	0.65
364	0.67	0.96	0.73	0.73	0.75
365	0.7	1.06	0.81	0.82	0.81
366	0.57	0.81	0.75	0.71	0.65
367	0.56	0.79	0.78	0.74	0.69
368	0.67	0.98	0.84	0.86	0.91
369	0.65	0.89	0.7	0.8	0.85
370	0.62	0.82	0.77	0.78	0.85
371	0.72	1.02	0.93	0.95	1.35
372	0.77	0.94	0.79	0.87	1.49
373	0.61	0.78	0.72	0.73	0.8
374	0.77	0.73	0.81	0.94	0.91
375	0.68	0.67	0.7	0.87	0.76
376	0.62	0.72	0.59	0.77	0.67
377	0.62	0.76	0.65	1.04	0.73
378	0.64	0.75	0.58	0.84	0.77
379	0.64	0.63	0.54	0.84	0.77
380	0.68	0.65	0.62	0.86	0.75
381	0.59	0.65	0.57	0.76	0.65
382	0.49	0.55	0.46	0.69	0.52
383	0.49	0.55	0.56	0.65	0.52
384	0.63	0.68	0.74	0.77	0.6
385	0.85	0.88	1.06	1.06	0.94
386	1.01	0.97	1.16	1.18	1.04
387	1.09	1.08	1.45	1.34	1.01
388	0.93	0.96	1.09	1.15	0.88
389	0.91	0.96	1.03	1.05	0.95
390	0.93	0.86	0.96	0.95	0.81
391	0.92	0.9	0.91	0.97	0.78
392	1.02	1.06	1.02	1.08	1.01
393	0.99	1.06	1.02	1.05	1.06
394	0.96	0.99	1.02	1.04	0.98
395	1.07	1.11	1.14	1.12	1.12
396	1.16	1.19	1.25	1.19	1.32
397	1.14	1.11	1.22	1.14	1.31
398	1.2	1.17	1.25	1.19	1.32
399	1.37	1.31	1.34	1.3	1.49
400	1.39	1.32	1.42	1.36	1.62
401	1.33	1.3	1.43	1.34	1.6
402	1.31	1.38	1.38	1.31	1.5
403	1.14	1.24	1.3	1.22	1.25
404	1.12	1.24	1.23	1.25	1.25
405	1.16	1.29	1.19	1.23	1.27
406	1.12	1.13	1.07	1.18	1.19
407	1.47	1.25	1.08	1.31	1.24
408	1.22	1.12	1.05	1.21	1.15
409	1.28	1.17	1.1	1.24	1.22
410	1.39	1.28	1.23	1.3	1.23
411	1.47	1.38	1.26	1.33	1.41
412	1.65	1.52	1.41	1.48	1.58
413	1.82	1.68	1.56	1.64	1.9
414	2.01	1.87	1.79	1.8	2.2
415	2.18	2.44	1.88	2.07	2.41
416	2.3	2.24	2.06	2.21	2.85
417	2.35	2.27	2.09	2.22	2.89
418	2.52	2.42	2.27	2.34	3.17
419	2.42	2.37	2.2	2.24	3.11
420	2.57	2.55	2.28	2.33	3.29
421	2.57	2.72	2.49	2.46	3.37
422	2.56	2.74	2.53	2.62	3.36
423	2.66	2.85	2.67	2.83	3.52
424	2.66	2.74	2.43	2.66	3.26
425	2.84	2.84	2.54	2.86	3.49
426	2.87	2.86	2.72	3.22	3.72
427	2.71	2.73	2.61	2.96	3.57
428	2.77	2.94	2.79	3.01	3.68
429	2.65	2.85	2.66	2.77	3.57
430	2.63	2.59	2.37	2.37	3.33
431	2.46	2.47	2.3	2.15	3.19
432	2.23	2.31	2.05	2.04	2.95
433	2.12	2.13	1.96	1.91	2.74
434	2.22	2.24	2.02	2.01	2.63
435	2.02	1.96	1.76	1.85	2.23
436	2.09	2.03	1.82	1.91	2.3
437	2.28	2.13	2.01	2.04	2.41
438	2.35	2.16	2.01	2.05	2.4
439	2.35	2.17	2.02	2.07	2.31
440	2.16	2.02	1.86	1.88	2.15
441	2.11	1.95	1.76	1.83	2.06
442	2.23	2.0	1.86	1.92	2.03
443	2.09	1.95	1.79	1.88	1.92
444	1.9	1.8	1.68	1.77	1.77
445	1.98	1.82	1.73	1.8	1.81
446	2.03	1.83	1.8	1.87	1.86
447	1.85	1.66	1.67	1.74	1.71
448	1.81	1.61	1.59	1.66	1.65
449	1.91	1.73	1.71	1.83	1.77
450	1.83	1.61	1.69	1.79	1.72
451	1.64	1.45	1.52	1.67	1.55
452	1.72	1.58	1.59	1.73	1.68
453	1.75	1.67	1.67	1.82	1.78
454	1.71	1.5	1.57	1.76	1.68
455	1.76	1.58	1.7	1.9	1.8
456	1.81	1.58	1.79	1.98	1.79
457	1.99	1.74	1.91	2.11	2.01
458	2.06	1.79	1.91	2.18	2.05
459	2.3	2.09	2.25	2.45	2.38
460	2.56	2.18	2.41	2.55	2.5
461	2.51	2.17	2.4	2.4	2.5
462	2.42	2.19	2.38	2.3	2.53
463	2.27	2.06	2.27	2.18	2.39
464	2.06	1.87	2.06	2.02	2.14
465	1.82	1.67	1.81	1.87	1.88
466	1.76	1.64	1.72	1.86	1.87
467	1.61	1.5	1.57	1.66	1.7
468	1.73	1.68	1.68	1.78	1.92
469	1.69	1.68	1.69	1.83	1.96
470	1.48	1.51	1.43	1.55	1.71
471	1.46	1.54	1.4	1.51	1.68
472	1.53	1.74	1.73	1.48	1.79
473	1.69	1.79	2.25	1.59	2.07
474	1.73	1.97	2.37	1.59	2.41
475	1.81	2.11	2.73	1.69	2.61
476	1.87	2.14	3.07	1.78	2.66
477	1.99	2.26	3.05	1.89	3.15
478	2.35	2.54	2.98	2.06	3.13
479	2.26	2.34	2.97	2.05	3.0
480	1.98	1.99	2.37	1.84	2.49
481	2.01	1.91	1.86	1.88	2.38
482	1.88	1.89	1.76	1.77	2.04
483	1.92	1.88	1.94	1.78	2.08
484	1.77	1.78	1.83	1.72	2.13
485	1.62	1.68	1.62	1.62	1.86
486	1.56	1.57	1.46	1.49	1.79
487	1.5	1.53	1.36	1.51	1.65
488	1.57	1.59	1.34	1.5	1.68
489	1.68	1.62	1.4	1.55	1.65
490	1.86	1.75	1.52	1.67	1.9
491	1.92	1.79	1.61	1.75	1.89
492	1.89	1.83	1.58	1.69	1.94
493	2.1	2.01	1.66	1.82	2.17
494	2.19	2.08	1.8	1.96	2.27
495	2.11	2.01	1.74	1.93	2.12
496	2.02	1.88	1.75	1.94	2.02
497	2.18	2.11	1.96	2.11	2.25
498	2.21	2.22	2.0	2.17	2.41
499	2.28	2.46	2.17	2.37	2.61
500	2.31	2.45	2.1	2.22	2.49
501	2.32	2.3	2.04	2.1	2.39
502	2.43	2.5	2.22	2.29	2.68
503	2.49	2.69	2.22	2.35	2.83
504	2.54	2.8	2.31	2.5	3.16
505	2.62	3.0	2.53	2.66	3.47
506	2.72	3.67	3.02	3.05	4.07
507	2.78	4.25	3.05	3.16	4.34
508	3.05	5.83	3.39	3.15	5.13
509	3.28	6.87	3.84	3.42	5.58
510	3.81	7.89	4.88	3.62	6.48
511	3.88	7.19	4.7	3.83	6.45
512	3.6	6.29	4.09	4.08	5.69
513	3.23	5.06	3.64	3.92	5.06
514	2.87	3.96	3.14	3.09	4.22
515	2.66	3.35	2.72	2.78	4.01
516	2.55	2.9	2.36	2.51	3.45
517	2.38	2.58	2.14	2.32	3.24
518	2.26	2.31	1.96	2.14	3.0
519	2.32	2.37	1.99	2.14	2.97
520	2.44	2.51	2.06	2.17	3.08
521	2.34	2.38	1.94	2.05	2.93
522	2.28	2.18	1.83	1.9	2.82
523	2.38	2.31	1.89	2.0	3.0
524	2.45	2.38	1.93	2.01	3.01
525	2.26	2.2	1.76	1.89	2.83
526	2.08	2.03	1.71	1.84	2.81
527	2.29	2.21	1.82	1.98	2.94
528	2.34	2.37	1.93	2.03	2.95
529	2.14	2.27	1.88	1.89	3.54
530	2.33	2.27	2.08	1.9	3.2
531	2.88	2.44	1.97	2.0	2.97
532	3.19	2.53	1.93	2.09	3.57
533	2.93	2.77	2.02	2.1	3.65
534	2.92	2.7	2.0	2.11	3.3
535	2.98	2.8	2.13	2.27	3.04
536	2.71	2.97	2.23	2.51	3.26
537	2.83	3.44	2.37	2.55	3.67
538	2.53	3.16	2.17	2.46	3.19
539	2.75	3.1	2.16	2.44	3.35
540	2.59	2.53	1.96	2.16	2.7
541	2.41	2.39	1.87	1.99	2.71
542	2.24	2.15	1.76	1.89	2.81
543	2.07	2.0	1.72	1.84	2.37
544	1.93	1.85	1.61	1.76	2.08
545	1.97	1.91	1.69	1.89	2.09
546	1.88	1.94	1.68	1.86	2.09
547	2.01	2.03	1.77	2.01	2.4
548	1.94	1.93	1.67	1.77	2.39
549	1.92	1.89	1.7	1.7	2.44
550	2.0	1.86	1.61	1.65	2.24
551	1.78	1.76	1.51	1.59	2.44
552	1.73	1.71	1.5	1.58	2.27
553	1.58	1.59	1.41	1.46	2.13
554	1.66	1.59	1.38	1.51	1.84
555	1.73	1.67	1.42	1.61	1.85
556	1.64	1.63	1.39	1.55	1.92
557	1.59	1.54	1.37	1.52	1.99
558	1.63	1.73	1.53	1.57	2.3
559	1.84	1.96	1.66	1.76	2.74
560	2.12	2.18	1.81	1.92	3.2
561	2.25	2.19	1.85	2.0	3.13
562	2.19	2.25	1.88	1.98	3.02
563	2.17	2.15	1.85	2.03	2.86
564	2.0	1.99	1.72	1.88	2.58
565	2.14	2.14	1.89	1.94	2.76
566	2.03	2.07	1.87	1.95	2.73
567	1.88	1.82	1.65	1.8	2.43
568	1.86	1.82	1.61	1.75	2.33
569	1.73	1.61	1.45	1.62	1.97
570	1.69	1.57	1.41	1.6	1.77
571	1.56	1.45	1.3	1.45	1.49
572	1.53	1.43	1.28	1.43	1.44
573	1.41	1.35	1.18	1.33	1.35
574	1.41	1.34	1.21	1.38	1.41
575	1.37	1.34	1.3	1.31	1.54
576	1.27	1.3	1.27	1.35	1.41
577	1.29	1.39	1.28	1.38	1.52
578	1.17	1.33	1.23	1.36	1.35
579	1.36	1.5	1.41	1.48	1.67
580	1.43	1.6	1.52	1.56	1.73
581	1.48	1.68	1.5	1.79	1.83
582	1.64	1.93	1.8	2.01	2.22
583	1.53	1.78	1.6	1.84	1.98
584	1.54	1.7	1.59	1.85	1.97
585	1.46	1.6	1.48	1.72	1.76
586	1.3	1.38	1.27	1.57	1.54
587	1.32	1.37	1.32	1.62	1.58
588	1.43	1.44	1.38	1.68	1.62
589	1.27	1.29	1.22	1.48	1.41
590	1.19	1.17	1.08	1.43	1.31
591	1.32	1.25	1.22	1.54	1.44
592	1.35	1.27	1.23	1.53	1.37
593	1.19	1.11	1.05	1.37	1.17
594	1.26	1.13	1.13	1.46	1.25
595	1.44	1.27	1.31	1.59	1.37
596	1.37	1.2	1.18	1.43	1.24
597	1.29	1.17	1.15	1.35	1.23
598	1.43	1.3	1.35	1.54	1.47
599	1.58	1.37	1.41	1.55	1.53
600	1.53	1.37	1.3	1.46	1.48
601	1.56	1.51	1.47	1.56	1.61
602	1.77	1.65	1.64	1.71	1.77
603	1.79	1.63	1.59	1.7	1.73
604	1.78	1.76	1.65	1.63	1.76
605	1.96	2.07	1.96	1.85	1.96
606	2.11	2.03	2.04	1.99	1.99
607	2.13	2.09	1.94	1.96	2.04
608	2.1	2.05	2.09	1.97	2.18
609	2.22	2.15	2.19	2.03	2.35
610	2.13	1.95	1.94	1.94	2.33
611	1.9	1.73	1.67	1.77	1.99
612	1.77	1.59	1.56	1.55	1.91
613	1.62	1.4	1.39	1.47	1.59
614	1.45	1.26	1.21	1.31	1.31
615	1.29	1.12	1.13	1.25	1.16
616	1.14	1.07	1.02	1.18	1.04
617	1.09	1.05	0.99	1.25	1.04
618	0.99	0.98	0.9	1.17	1.0
619	0.93	0.92	0.81	1.13	0.97
620	0.9	0.9	0.79	1.13	0.96
621	0.83	0.8	0.72	0.98	0.83
622	0.8	0.82	0.69	0.89	0.82
623	0.85	0.86	0.81	1.03	0.87
624	0.85	0.86	0.84	0.97	0.88
625	0.69	0.79	0.81	0.86	0.75
626	0.68	0.82	0.94	1.09	0.84
627	0.67	0.88	1.06	1.1	0.95
628	0.67	2.05	1.03	0.95	1.34
629	0.64	1.27	0.85	1.02	1.25
630	0.66	1.16	0.85	1.28	1.54
631	0.67	1.59	0.91	1.18	1.34
632	0.67	1.08	0.92	0.97	1.16
633	0.66	0.86	0.87	0.94	1.11
634	0.75	0.85	0.99	1.05	1.13
635	0.73	0.89	1.04	0.93	0.84
636	0.6	0.71	1.05	0.62	0.7
637	0.66	0.66	1.01	0.69	0.83
638	0.78	0.83	0.82	0.84	0.99
639	0.73	0.66	0.7	0.63	0.93
640	0.65	0.6	0.56	0.6	0.84
641	0.75	0.75	0.58	0.69	0.9
642	0.71	0.71	0.6	0.67	0.83
643	0.59	0.58	0.53	0.6	0.72
644	0.58	0.58	0.54	0.63	0.68
645	0.6	0.54	0.6	0.64	0.65
646	0.61	0.54	0.58	0.63	0.69
647	0.57	0.52	0.58	0.64	0.67
648	0.49	0.54	0.63	0.58	0.63
649	0.58	0.56	0.71	0.61	0.65
650	0.73	0.65	0.79	0.67	0.74
651	0.75	0.69	0.7	0.65	0.83
652	0.65	0.69	1.34	1.03	0.91
653	0.74	0.68	2.28	1.09	0.82
654	0.97	0.87	1.4	1.38	1.16
655	1.46	1.09	1.93	2.44	1.35
656	1.66	1.12	1.7	1.95	1.42
657	1.23	1.21	1.27	1.77	1.2
658	1.43	1.65	1.59	1.61	1.35
659	0.94	0.93	1.38	1.46	1.25
660	0.84	0.67	1.05	1.35	1.09
661	0.85	0.78	1.05	1.51	1.12
662	0.74	0.79	1.09	1.29	1.08
663	0.6	0.68	1.04	0.83	0.93
664	0.52	0.63	0.74	0.7	0.85
665	0.53	0.58	0.63	0.56	0.88
666	0.51	0.56	0.62	0.6	0.84
667	0.53	0.62	0.62	0.54	0.95
668	0.48	0.63	0.62	0.49	0.88
669	0.57	0.58	0.66	0.64	0.86
670	0.52	0.59	0.57	0.67	0.82
671	0.52	0.65	0.61	0.63	0.91
672	0.61	0.63	0.63	0.67	0.93
673	0.54	0.62	0.48	0.65	0.73
674	0.5	0.6	0.52	0.59	0.69
675	0.59	0.53	0.63	0.56	0.74
676	0.56	0.53	0.56	0.59	0.76
677	0.58	0.56	0.54	0.58	0.63
678	0.56	0.51	0.52	0.52	0.56
679	0.5	0.53	0.44	0.47	0.5
680	0.46	0.54	0.44	0.48	0.58
681	0.42	0.56	0.48	0.49	0.56
682	0.39	0.54	0.44	0.47	0.46
683	0.41	0.5	0.45	0.41	0.45
684	0.47	0.54	0.46	0.44	0.54
685	0.52	0.59	0.5	0.51	0.59
686	0.5	0.61	0.52	0.55	0.56
687	0.55	0.64	0.5	0.54	0.55
688	0.58	0.69	0.52	0.6	0.61
689	0.68	0.8	0.6	0.68	0.69
690	0.74	0.86	0.62	0.75	0.75
691	0.76	0.83	0.65	0.8	0.73
692	0.73	0.7	0.59	0.68	0.63
693	0.72	0.69	0.57	0.73	0.71
694	0.58	0.56	0.49	0.58	0.69
695	0.63	0.59	0.46	0.56	0.56
696	0.6	0.65	0.47	0.64	0.56
697	0.65	0.61	0.45	0.52	0.51
698	0.53	0.58	0.42	0.45	0.46
699	0.49	0.64	0.49	0.57	0.51
700	0.56	0.61	0.55	0.53	0.53
701	0.49	0.52	0.48	0.44	0.52
702	0.52	0.46	0.44	0.42	0.5
703	0.63	0.48	0.47	0.52	0.5
704	0.56	0.54	0.49	0.57	0.54
705	0.62	0.61	0.51	0.64	0.81
706	0.71	0.66	0.49	0.65	0.97
707	1.19	0.61	0.49	0.66	1.17
708	1.23	0.59	0.58	0.85	1.2
709	1.22	0.54	0.63	0.8	0.96
710	1.37	0.51	0.51	0.66	0.89
711	1.22	0.48	0.46	0.7	0.95
712	1.24	0.46	0.53	0.64	0.91
713	1.04	0.46	0.48	0.6	0.79
714	0.6	0.53	0.42	0.6	0.71
715	0.7	0.6	0.54	0.57	0.73
716	0.95	0.66	0.79	0.77	1.03
717	0.89	0.46	0.63	0.65	0.88
718	0.8	0.46	0.62	0.63	0.92
719	0.75	0.65	0.76	0.85	1.01
720	0.74	0.63	0.73	0.81	0.89
721	0.74	0.49	0.69	0.7	0.85
722	0.75	0.69	0.93	1.01	1.15
723	0.91	0.89	1.05	1.3	1.28
724	1.06	0.83	0.95	0.95	1.12
725	1.33	1.09	1.0	1.11	1.46
726	1.06	0.96	0.87	0.97	1.2
727	1.19	1.08	1.07	1.12	1.18
728	1.35	1.33	1.29	1.34	1.4
729	1.34	1.35	1.29	1.28	1.38
730	0.99	0.98	1.02	0.86	1.05
731	0.95	0.85	0.98	0.74	1.04
732	0.9	0.73	0.84	0.66	1.02
733	0.84	0.6	0.82	0.63	0.99
734	0.83	0.66	0.86	0.62	0.86
735	0.75	0.59	0.74	0.57	0.81
736	0.7	0.47	0.62	0.54	0.78
737	0.73	0.59	0.79	0.54	0.7
738	0.71	0.7	0.84	0.62	0.7
739	0.67	0.61	0.72	0.58	0.67
740	0.54	0.59	0.72	0.52	0.61
741	0.65	0.66	0.89	0.56	0.64
742	0.85	0.68	0.93	0.72	0.64
743	0.79	0.7	0.9	0.72	0.63
744	0.67	0.61	0.86	0.61	0.57
745	0.63	0.54	1.13	0.53	0.68
746	0.63	0.62	1.29	0.61	0.72
747	0.66	0.72	0.94	0.67	0.63
748	0.6	0.73	1.06	0.55	0.53
749	0.48	0.54	1.45	0.44	0.55
750	0.48	0.55	1.16	0.44	0.65
751	0.54	0.48	0.77	0.48	0.59
752	0.42	0.45	0.84	0.48	0.54
753	0.42	0.4	0.88	0.46	0.52
754	0.4	0.41	0.67	0.46	0.61
755	0.41	0.39	0.43	0.48	0.48
756	0.44	0.39	0.49	0.49	0.53
757	0.38	0.41	0.43	0.43	0.58
758	0.39	0.42	0.4	0.42	0.58
759	0.4	0.47	0.41	0.45	0.56
760	0.43	0.58	0.47	0.49	0.6
761	0.57	0.65	0.55	0.64	0.64
762	0.49	0.68	0.57	0.66	0.62
763	0.63	0.61	0.74	0.67	0.72
764	0.93	0.6	0.7	0.8	0.73
765	1.2	0.68	0.87	1.07	0.97
766	0.58	0.54	0.54	0.51	0.51
767	0.51	0.56	0.5	0.5	0.54
768	0.55	0.67	0.44	0.49	0.51
769	0.46	0.45	0.42	0.42	0.4
770	0.48	0.56	0.46	0.45	0.44
771	0.49	0.53	0.43	0.42	0.43
772	0.44	0.41	0.37	0.39	0.39
773	0.38	0.38	0.38	0.4	0.44
774	0.4	0.38	0.39	0.39	0.4
775	0.4	0.38	0.34	0.36	0.36
776	0.41	0.35	0.34	0.36	0.41
777	0.42	0.42	0.4	0.42	0.49
778	0.37	0.42	0.38	0.36	0.37
779	0.37	0.41	0.33	0.38	0.38
780	0.4	0.43	0.41	0.45	0.47
781	0.39	0.49	0.51	0.46	0.54
782	0.38	0.48	0.44	0.42	0.48
783	0.45	0.45	0.4	0.41	0.48
784	0.52	0.5	0.54	0.42	0.47
785	0.5	0.46	0.57	0.42	0.45
786	0.48	0.43	0.46	0.4	0.44
787	0.55	0.46	0.53	0.47	0.52
788	0.56	0.54	0.67	0.53	0.53
789	0.56	0.49	0.6	0.49	0.51
790	0.52	0.47	0.48	0.47	0.56
791	0.51	0.45	0.42	0.46	0.56
792	0.51	0.42	0.51	0.45	0.61
793	0.48	0.45	0.54	0.44	0.68
794	0.48	0.46	0.5	0.49	0.75
795	0.48	0.44	0.47	0.46	0.81
796	0.52	0.47	0.54	0.46	0.82
797	0.52	0.47	0.56	0.59	0.85
798	0.52	0.49	0.55	0.59	0.9
799	0.59	0.61	0.65	0.68	0.94
800	0.7	0.71	0.85	0.74	1.09
801	1.04	0.78	0.81	0.72	1.14
802	1.51	0.99	0.93	0.83	1.25
803	1.86	1.15	1.16	0.93	1.54
804	1.83	1.03	1.1	1.22	1.65
805	1.06	1.11	1.27	1.31	1.64
806	0.92	0.88	1.11	1.05	1.08
807	0.85	0.74	1.1	0.96	1.27
808	0.75	0.76	0.8	0.73	1.13
809	0.86	0.88	1.04	1.01	1.24
810	0.86	0.88	1.22	1.12	1.14
811	0.99	0.94	1.44	1.12	1.19
812	1.17	1.62	1.55	1.95	1.41
813	1.13	1.46	1.9	1.82	1.43
814	1.36	1.71	2.19	2.19	1.57
815	1.31	1.53	1.93	2.16	1.57
816	1.33	1.51	2.11	2.9	1.64
817	1.38	1.68	2.0	2.81	1.95
818	1.17	1.23	1.76	2.57	1.49
819	1.14	1.18	1.74	3.33	1.33
820	1.2	1.12	1.69	3.49	1.37
821	1.68	1.06	2.59	3.24	1.42
822	1.63	1.28	2.41	2.98	1.49
823	1.61	1.26	1.93	2.72	1.57
824	1.9	1.71	1.85	2.52	2.08
825	1.48	1.68	1.32	1.77	1.96
826	1.26	1.54	1.01	1.46	1.55
827	1.13	1.74	1.01	1.44	1.34
828	1.12	1.24	0.9	1.1	1.26
829	0.97	1.25	0.9	0.97	1.15
830	1.14	1.4	0.97	1.18	1.26
831	1.27	1.17	0.91	1.11	1.2
832	1.05	0.84	0.77	0.87	1.07
833	1.01	1.02	0.87	0.94	1.14
834	1.17	1.15	0.99	1.1	1.29
835	1.22	1.04	1.05	1.0	1.23
836	1.07	0.8	0.85	0.85	1.05
837	0.89	0.77	0.85	0.85	0.93
838	1.03	0.94	1.11	1.02	1.18
839	1.11	0.86	1.06	0.94	1.09
840	0.83	0.71	0.83	0.71	0.9
841	0.79	0.67	0.82	0.77	0.86
842	0.93	0.77	1.01	0.85	0.91
843	0.98	0.83	1.08	0.91	1.0
844	1.05	0.98	1.04	0.93	1.19
845	0.9	0.82	0.9	0.77	1.0
846	0.76	0.68	0.73	0.7	0.85
847	0.8	0.87	0.79	0.79	0.95
848	0.83	0.93	0.78	0.82	1.01
849	0.7	0.74	0.71	0.75	0.88
850	0.7	0.72	0.71	0.79	0.86
851	0.8	0.84	0.77	0.85	0.98
852	0.73	0.8	0.73	0.83	0.95
853	0.61	0.64	0.65	0.72	0.81
854	0.65	0.67	0.64	0.74	0.87
855	0.7	0.74	0.75	0.78	0.99
856	0.64	0.67	0.71	0.7	0.87
857	0.57	0.57	0.56	0.63	0.72
858	0.61	0.66	0.65	0.72	0.8
859	0.58	0.62	0.75	0.7	0.84
860	0.53	0.55	0.64	0.56	0.7
861	0.63	0.64	0.64	0.65	0.74
862	0.7	0.77	0.79	0.77	0.87
863	0.64	0.71	0.74	0.68	0.92
864	0.62	0.64	0.7	0.65	0.96
865	0.66	0.78	0.79	0.8	1.13
866	0.71	0.78	0.88	0.8	1.33
867	0.69	0.71	0.71	0.68	0.89
868	0.78	0.76	0.96	0.7	0.85
869	0.7	0.62	0.79	0.62	0.72
870	0.57	0.57	0.71	0.71	0.66
871	0.58	0.58	0.69	0.98	0.64
872	0.82	0.79	0.92	1.43	0.96
873	1.06	1.03	1.12	1.86	0.87
874	1.28	1.14	1.3	1.66	0.88
875	1.15	0.92	1.17	1.47	0.79
876	1.08	0.78	1.23	1.69	0.63
877	0.88	0.83	1.03	1.3	0.72
878	0.99	0.95	1.11	1.13	0.92
879	1.23	1.18	1.42	1.13	1.08
880	1.19	1.33	1.41	1.31	1.27
881	1.05	1.02	1.12	1.1	1.0
882	1.19	1.08	1.11	1.16	1.04
883	1.06	1.0	1.02	1.09	1.02
884	1.17	1.1	1.12	1.14	1.07
885	1.33	1.15	1.17	1.23	1.17
886	1.29	1.07	1.02	1.19	1.18
887	1.2	1.13	1.03	1.2	1.25
888	1.4	1.27	1.16	1.42	1.38
889	1.4	1.27	1.15	1.49	1.46
890	1.28	1.17	1.14	1.43	1.58
891	1.3	1.28	1.29	1.6	1.84
892	1.49	1.34	1.4	1.8	2.07
893	1.5	1.28	1.3	1.53	1.94
894	1.43	1.19	1.25	1.37	1.8
895	1.47	1.19	1.35	1.4	1.94
896	1.36	1.13	1.26	1.33	1.81
897	1.22	1.07	1.25	1.27	1.65
898	1.11	1.04	1.08	1.23	1.48
899	1.14	1.09	1.03	1.15	1.48
900	1.06	1.06	1.03	1.12	1.36
901	1.13	1.11	1.08	1.17	1.44
902	1.17	1.18	1.16	1.2	1.51
903	1.23	1.24	1.2	1.24	1.51
904	1.39	1.37	1.36	1.39	1.78
905	1.45	1.66	1.46	1.48	1.81
906	1.69	1.68	1.69	1.72	2.05
907	1.99	1.81	1.96	1.9	2.37
908	1.87	1.79	1.79	1.8	2.46
909	2.06	2.21	1.9	1.93	2.7
910	1.87	2.21	1.89	1.78	2.58
911	2.07	2.35	1.96	1.93	2.9
912	2.09	2.34	2.09	2.05	3.08
913	2.22	2.32	2.16	2.13	3.19
914	2.13	2.21	2.14	2.07	3.07
915	1.97	2.04	2.02	1.87	2.72
916	1.97	2.09	1.99	1.81	2.75
917	2.04	2.09	2.05	1.89	2.84
918	1.86	1.93	1.86	1.8	2.59
919	1.72	1.89	1.73	1.67	2.41
920	1.86	1.96	1.81	1.73	2.56
921	1.89	1.98	1.83	1.76	2.72
922	2.05	2.13	1.92	1.81	2.82
923	2.19	2.38	2.1	2.02	3.07
924	2.29	2.45	2.25	2.09	3.17
925	2.12	2.22	2.09	1.95	2.95
926	2.09	2.19	2.13	1.93	2.96
927	2.0	2.22	2.12	1.96	2.95
928	1.91	1.96	1.84	1.85	2.83
929	1.84	1.84	1.81	1.8	2.6
930	1.63	1.64	1.62	1.67	2.25
931	1.62	1.64	1.61	1.59	2.25
932	1.7	1.72	1.7	1.74	2.5
933	1.62	1.62	1.63	1.68	2.35
934	1.49	1.51	1.54	1.47	2.09
935	1.65	1.62	1.63	1.61	2.38
936	1.73	1.72	1.7	1.74	2.51
937	1.58	1.62	1.66	1.62	2.16
938	1.58	1.59	1.61	1.65	2.18
939	1.79	1.88	1.79	1.75	2.54
940	1.68	2.48	1.8	2.05	2.83
941	1.55	2.89	2.19	2.19	3.73
942	1.58	3.25	1.96	2.38	3.62
943	1.52	2.94	1.71	2.31	2.41
944	1.35	1.94	1.76	1.81	2.11
945	1.23	1.7	1.52	1.43	1.7
946	1.3	1.31	1.26	1.46	1.81
947	1.34	1.35	1.31	1.55	1.97
948	1.46	1.38	1.41	1.49	2.24
949	1.55	1.54	1.55	1.54	2.3
950	1.43	1.56	1.44	1.4	1.99
951	1.63	1.8	1.58	1.41	2.33
952	1.59	1.85	1.64	1.45	2.36
953	1.58	1.87	1.67	1.46	2.35
954	1.69	1.93	1.76	1.58	2.51
955	1.78	1.97	1.82	1.64	2.75
956	1.8	2.04	1.86	1.63	2.8
957	1.84	2.1	1.94	1.7	2.79
958	1.99	2.18	2.05	1.84	3.07
959	2.04	2.27	2.08	1.82	3.27
960	2.1	2.37	2.11	1.85	3.18
961	2.21	2.37	2.23	2.0	3.31
962	2.39	2.42	2.34	2.09	3.63
963	2.79	2.62	2.5	2.36	4.01
964	2.92	2.72	2.5	2.39	4.04
965	2.67	2.56	2.42	2.16	3.79
966	2.8	2.88	2.37	2.4	3.87
967	2.5	2.69	2.3	2.22	3.54
968	2.45	2.71	2.27	2.29	3.62
969	2.82	2.91	2.53	2.61	3.93
970	3.21	3.22	2.8	2.88	4.21
971	3.6	3.67	3.19	3.27	4.71
972	4.03	4.13	3.66	3.61	5.13
973	4.6	4.79	3.92	3.92	5.66
974	4.89	5.21	4.41	4.25	5.96
975	5.28	5.18	4.55	4.31	6.08
976	4.83	4.45	3.78	3.78	5.98
977	4.27	4.48	3.83	3.83	6.08
978	3.91	3.85	3.46	3.46	4.99
979	3.64	3.59	3.11	3.22	4.41
980	3.16	3.07	2.72	2.82	3.93
981	3.15	3.07	2.62	2.84	3.99
982	3.3	3.21	2.87	2.83	3.74
983	3.36	3.08	2.91	2.54	3.54
984	3.54	4.04	3.96	3.01	4.07
985	3.55	3.57	4.77	3.19	4.52
986	3.87	3.9	4.11	2.99	5.03
987	3.83	3.94	3.86	3.45	5.29
988	4.05	4.2	4.12	3.66	5.48
989	3.92	4.0	3.69	3.58	5.33
990	3.47	3.58	3.25	3.25	4.63
991	3.62	3.45	3.31	3.2	4.72
992	3.38	3.38	2.94	3.06	4.56
993	2.96	3.14	2.62	2.69	4.32
994	2.8	3.13	2.39	2.48	4.18
995	2.81	3.25	2.44	2.56	4.25
996	3.49	3.43	2.69	3.03	4.64
997	3.5	3.64	2.9	3.34	4.74
998	3.15	3.72	3.1	2.97	4.81
999	3.15	3.96	3.5	3.03	5.02
1000	2.81	3.43	2.87	2.41	4.4
1001	2.65	2.98	2.6	2.17	3.78
1002	2.45	2.57	2.44	2.11	3.65
1003	2.32	2.47	2.39	2.11	3.53
1004	2.27	2.57	2.39	2.15	3.51
1005	2.34	2.61	2.32	2.24	3.5
1006	2.26	2.56	2.24	2.06	3.22
1007	2.36	2.68	2.3	2.21	3.26
1008	2.3	2.6	2.35	2.16	3.29
1009	2.09	2.42	2.14	1.92	3.01
1010	2.1	2.44	2.11	1.97	2.88
1011	2.21	2.56	2.27	2.07	3.06
1012	2.15	2.45	2.19	1.98	3.0
1013	1.95	2.23	1.98	1.77	2.67
1014	1.93	2.33	1.98	1.82	2.68
1015	2.09	2.45	2.07	1.94	2.93
1016	1.96	2.26	1.95	1.78	2.83
1017	1.83	2.14	1.84	1.69	2.62
1018	2.0	2.33	1.91	1.81	2.85
1019	2.02	2.34	1.93	1.84	2.99
1020	2.01	2.36	1.97	1.84	3.09
1021	2.0	2.38	2.01	1.83	3.2
1022	2.19	2.76	2.08	2.01	3.47
1023	2.59	2.94	2.3	2.1	3.49
1024	2.99	2.87	2.47	2.17	3.31
1025	2.19	2.57	2.23	1.97	3.23
1026	1.99	2.45	2.06	1.76	3.17
1027	1.97	2.31	1.94	1.7	2.96
1028	1.92	2.28	1.96	1.71	2.93
1029	1.84	2.14	1.78	1.62	2.68
1030	1.81	2.26	1.68	1.68	2.67
1031	1.69	2.31	1.77	1.56	2.77
1032	1.83	1.97	1.57	1.47	2.4
1033	1.6	1.87	1.56	1.43	2.2
1034	1.71	2.17	1.62	1.54	2.34
1035	1.73	1.7	1.68	1.61	2.11
1036	1.59	1.59	1.57	1.42	1.98
1037	1.51	1.55	1.57	1.56	2.03
1038	1.55	1.6	1.62	1.64	1.97
1039	1.77	1.85	1.82	1.82	2.24
1040	2.07	2.09	2.08	2.14	2.45
1041	2.51	2.48	2.7	2.63	2.78
1042	2.73	2.63	2.67	2.68	2.93
1043	2.43	2.35	2.75	2.3	2.7
1044	2.12	2.21	2.15	2.06	2.61
1045	1.81	1.88	1.81	1.74	2.33
1046	1.7	1.66	1.77	1.74	2.13
1047	1.51	1.45	1.52	1.52	1.91
1048	1.43	1.4	1.4	1.42	1.88
1049	1.3	1.3	1.28	1.36	1.73
1050	1.29	1.32	1.28	1.3	1.82
1051	1.22	1.24	1.21	1.26	1.75
1052	1.24	1.18	1.18	1.29	1.8
1053	1.2	1.12	1.16	1.28	1.71
1054	1.14	1.13	1.16	1.27	1.58
1055	1.2	1.1	1.26	1.3	1.78
1056	1.15	1.09	1.29	1.29	1.72
1057	1.03	0.95	1.05	1.6	1.76
1058	1.18	0.99	1.24	1.44	1.98
1059	1.07	0.88	1.1	1.59	1.9
1060	0.94	0.79	0.91	1.16	1.56
1061	1.01	0.8	0.99	1.13	1.58
1062	1.02	0.86	0.99	1.4	1.68
1063	0.91	0.84	0.87	1.21	1.28
1064	0.9	0.82	0.86	0.89	1.05
1065	1.04	0.88	0.97	1.13	1.33
1066	1.03	0.94	0.97	1.13	1.34
1067	0.97	0.91	0.88	1.01	1.09
1068	1.03	0.98	0.98	1.07	1.26
1069	1.11	1.11	1.11	1.19	1.53
1070	1.1	1.12	1.08	1.16	1.44
1071	1.1	1.11	1.08	1.18	1.39
1072	1.25	1.26	1.21	1.35	1.65
1073	1.31	1.31	1.31	1.39	1.74
1074	1.28	1.21	1.26	1.33	1.67
1075	1.38	1.3	1.39	1.45	1.83
1076	1.54	1.44	1.59	1.59	2.08
1077	1.53	1.45	1.58	1.56	2.1
1078	1.54	1.37	1.61	1.59	2.07
1079	1.77	1.53	1.88	1.79	2.32
1080	1.89	1.73	1.85	1.92	2.48
1081	1.82	1.65	1.81	1.83	2.42
1082	1.89	1.67	1.96	1.92	2.47
1083	2.15	1.93	2.2	2.09	2.77
1084	2.09	2.02	2.18	1.99	2.81
1085	2.27	2.16	2.43	2.17	3.05
1086	2.24	2.13	2.39	2.16	3.07
1087	1.98	1.88	2.11	2.0	2.65
1088	2.0	1.88	2.11	2.11	2.59
1089	2.08	1.97	2.09	2.19	2.7
1090	1.98	1.72	1.96	2.03	2.44
1091	1.69	1.46	1.72	1.76	2.21
1092	1.46	1.29	1.56	1.5	1.86
1093	1.31	1.27	1.41	1.37	1.71
1094	1.12	1.31	1.19	1.24	1.45
1095	1.03	1.05	1.02	1.13	1.35
1096	0.99	1.04	0.89	1.04	1.18
1097	0.91	0.93	0.86	0.96	1.09
1098	0.89	0.99	0.98	0.95	1.09
1099	0.8	0.86	0.86	0.81	0.89
1100	0.72	0.83	0.68	0.84	0.81
1101	0.72	0.71	0.71	0.8	0.75
1102	0.69	0.65	0.7	0.77	0.81
1103	0.67	0.64	0.73	0.83	0.82
1104	0.73	0.7	0.73	0.74	0.68
1105	0.78	0.69	0.7	0.78	0.74
1106	0.69	0.64	0.72	0.73	0.79
1107	0.78	0.72	0.86	0.83	0.9
1108	0.68	0.71	1.01	0.84	0.84
1109	0.62	0.57	0.96	0.68	0.63
1110	0.67	0.6	0.92	0.65	0.69
1111	0.65	0.68	0.84	0.69	0.81
1112	0.61	0.61	0.77	0.64	0.72
1113	0.62	0.6	0.68	0.6	0.57
1114	0.59	0.6	0.69	0.58	0.58
1115	0.6	0.53	0.72	0.55	0.58
1116	0.52	0.5	0.68	0.51	0.48
1117	0.49	0.53	0.59	0.56	0.46
1118	0.58	0.65	0.61	0.71	0.54
1119	0.52	0.63	0.62	0.66	0.52
1120	0.47	0.5	0.58	0.55	0.44
1121	0.49	0.46	0.58	0.57	0.42
1122	0.63	0.53	0.75	0.71	0.53
1123	0.51	0.61	0.9	0.69	0.55
1124	0.51	0.6	0.79	0.65	0.53
1125	0.51	0.49	0.63	0.56	0.51
1126	0.57	0.51	1.12	0.55	0.53
1127	0.58	0.57	1.5	0.53	0.54
1128	0.55	0.57	1.22	0.52	0.55
1129	0.54	0.56	0.88	0.52	0.57
1130	0.58	0.65	0.76	0.56	0.63
1131	0.55	0.69	1.28	0.58	0.61
1132	0.59	0.74	1.35	0.75	0.68
1133	0.79	0.9	1.31	0.97	0.9
1134	0.59	0.75	0.82	0.91	0.76
1135	0.61	0.7	0.79	0.7	0.68
1136	0.56	0.64	0.65	0.7	0.58
1137	0.56	0.77	0.63	0.62	0.55
1138	0.5	0.67	0.62	0.61	0.55
1139	0.49	0.47	0.56	0.6	0.52
1140	0.49	0.47	0.52	0.54	0.49
1141	0.47	0.49	0.55	0.55	0.45
1142	0.46	0.4	0.55	0.56	0.44
1143	0.44	0.4	0.51	0.55	0.44
1144	0.43	0.42	0.49	0.5	0.45
1145	0.41	0.42	0.49	0.49	0.44
1146	0.4	0.39	0.61	0.5	0.46
1147	0.47	0.41	0.63	0.52	0.51
1148	0.48	0.41	0.53	0.54	0.49
1149	0.47	0.4	0.52	0.54	0.46
1150	0.46	0.41	0.59	0.53	0.46
1151	0.45	0.4	0.55	0.51	0.56
1152	0.4	0.4	0.49	0.46	0.56
1153	0.4	0.45	0.49	0.48	0.49
1154	0.42	0.45	0.45	0.48	0.53
1155	0.45	0.52	0.52	0.56	0.56
1156	0.47	0.54	0.56	0.58	0.57
1157	0.5	0.51	0.55	0.58	0.54
1158	0.54	0.58	0.6	0.79	0.72
1159	0.62	0.73	0.75	0.93	0.92
1160	0.58	0.65	0.68	0.86	0.78
1161	0.63	0.7	0.67	0.97	0.78
1162	0.5	0.55	0.58	0.68	0.6
1163	0.51	0.54	0.7	0.6	0.6
1164	0.46	0.47	0.62	0.51	0.52
1165	0.43	0.44	0.47	0.49	0.46
1166	0.43	0.46	0.5	0.56	0.4
1167	0.46	0.48	0.45	0.54	0.42
1168	0.45	0.44	0.48	0.52	0.42
1169	0.41	0.39	0.42	0.49	0.38
1170	0.37	0.37	0.41	0.4	0.36
1171	0.37	0.41	0.42	0.44	0.38
1172	0.35	0.39	0.4	0.49	0.43
1173	0.4	0.51	0.46	0.63	0.54
1174	0.49	0.74	0.52	0.78	0.68
1175	0.47	0.56	0.58	0.61	0.64
1176	0.45	0.48	0.51	0.49	0.46
1177	0.6	0.62	0.65	0.72	0.54
1178	0.51	0.62	0.56	0.7	0.7
1179	0.45	0.49	0.51	0.5	0.59
1180	0.47	0.45	0.62	0.45	0.51
1181	0.47	0.54	0.49	0.56	0.55
1182	0.45	0.61	0.48	0.6	0.47
1183	0.45	0.43	0.47	0.48	0.45
1184	0.46	0.44	0.53	0.47	0.46
1185	0.55	0.48	0.47	0.66	0.62
1186	0.5	0.47	0.46	0.54	0.56
1187	0.43	0.4	0.52	0.46	0.43
1188	0.53	0.46	0.61	0.6	0.64
1189	0.61	0.51	0.6	0.68	0.7
1190	0.52	0.43	0.58	0.54	0.64
1191	0.67	0.55	0.85	0.68	0.79
1192	0.83	0.67	1.07	0.84	0.94
1193	0.79	0.65	1.02	0.78	0.91
1194	0.91	0.9	1.08	0.94	1.04
1195	0.88	0.84	1.0	0.99	0.96
1196	0.98	0.93	1.13	1.24	0.98
1197	0.83	0.72	0.97	0.94	0.86
1198	0.63	0.64	0.8	0.7	0.64
1199	0.72	0.67	0.83	0.75	0.69
1200	0.75	0.67	0.85	0.83	0.82
1201	0.63	0.55	0.75	0.66	0.7
1202	0.59	0.52	0.68	0.65	0.59
1203	0.7	0.64	0.73	0.74	0.79
1204	0.75	0.76	0.68	0.7	0.84
1205	0.62	0.71	0.59	0.76	0.74
1206	0.68	0.6	0.57	0.75	0.79
1207	0.78	0.7	0.67	0.82	0.93
1208	0.8	0.79	0.57	0.85	0.93
1209	0.83	0.94	0.52	0.88	0.77
1210	1.13	1.33	0.53	0.92	0.96
1211	1.32	1.4	0.6	0.93	1.23
1212	1.22	1.02	0.58	0.86	1.11
1213	1.18	1.0	0.56	0.97	1.02
1214	1.29	1.21	0.59	1.3	1.31
1215	1.5	1.42	0.61	1.71	1.59
1216	1.2	1.58	0.56	1.22	0.96
1217	0.82	2.38	0.57	1.13	1.08
1218	0.76	2.56	0.66	1.31	1.09
1219	0.67	1.51	0.54	1.06	1.07
1220	0.92	0.8	0.54	0.8	1.04
1221	0.74	0.83	0.58	1.09	1.0
1222	0.69	0.84	0.61	1.1	0.99
1223	0.63	0.79	0.64	0.93	1.02
1224	0.62	0.67	0.63	0.93	0.85
1225	0.61	0.75	0.83	0.94	0.66
1226	0.57	0.7	0.71	0.89	0.65
1227	0.48	0.64	0.85	0.73	0.57
1228	0.45	0.62	1.09	0.55	0.53
1229	0.49	0.67	0.8	0.61	0.6
1230	0.49	0.71	1.61	0.64	0.63
1231	0.52	0.8	2.18	0.55	0.54
1232	0.94	0.94	1.83	0.73	0.81
1233	0.62	0.91	1.84	0.65	0.6
1234	0.7	0.75	1.38	0.72	0.54
1235	0.73	0.67	0.95	0.67	0.46
1236	0.48	0.58	0.87	0.46	0.46
1237	0.58	0.63	0.81	0.52	0.46
1238	0.58	0.61	0.86	0.58	0.47
1239	0.58	0.58	0.75	0.53	0.49
1240	0.44	0.55	0.69	0.47	0.43
1241	0.42	0.5	0.54	0.49	0.48
1242	0.42	0.52	0.51	0.56	0.53
1243	0.43	0.54	0.56	0.53	0.55
1244	0.5	0.57	0.48	0.54	0.54
1245	0.56	0.54	0.46	0.63	0.53
1246	0.48	0.55	0.52	0.56	0.49
1247	0.46	0.56	0.56	0.54	0.47
1248	0.52	0.55	0.51	0.62	0.5
1249	0.53	0.57	0.52	0.62	0.55
1250	0.51	0.56	0.49	0.51	0.5
1251	0.65	0.6	0.54	0.61	0.53
1252	0.64	0.62	0.58	0.72	0.62
1253	0.64	0.6	0.52	0.72	0.69
1254	0.68	0.49	0.49	0.65	0.58
1255	0.79	0.55	0.52	0.73	0.62
1256	0.88	0.65	0.53	0.85	0.73
1257	0.65	0.54	0.6	0.66	0.69
1258	0.57	0.52	0.52	0.56	0.61
1259	0.47	0.49	0.51	0.53	0.52
1260	0.51	0.51	0.61	0.58	0.57
1261	0.56	0.48	0.63	0.58	0.61
1262	0.5	0.51	0.62	0.54	0.56
1263	0.45	0.49	0.62	0.52	0.52
1264	0.6	0.55	0.7	0.64	0.58
1265	0.68	0.69	0.78	0.76	0.68
1266	0.66	0.68	0.8	0.64	0.68
1267	0.62	0.67	0.8	0.62	0.68
1268	0.68	0.71	0.91	0.71	0.73
1269	0.76	0.81	0.98	0.91	0.87
1270	0.8	0.82	0.95	1.04	0.89
1271	1.14	1.07	1.3	1.43	1.07
1272	1.49	1.36	2.49	2.01	1.64
1273	1.66	1.39	2.73	1.82	1.69
1274	1.48	1.2	3.33	1.68	1.53
1275	1.6	1.33	3.9	2.15	1.87
1276	1.93	1.64	3.64	2.33	2.26
1277	2.09	1.74	4.04	2.87	2.43
1278	2.32	1.9	4.61	3.45	2.75
1279	2.63	2.39	4.49	3.64	3.19
1280	3.01	3.26	4.64	4.19	3.55
1281	4.43	5.26	5.89	5.49	4.82
1282	6.76	7.02	7.86	7.33	7.46
